id,external_urls,followers,name,popularity
3TVXtAsR1Inumwj472S9r4,https://open.spotify.com/artist/3TVXtAsR1Inumwj472S9r4,92719432,Drake,96
06HL4z0CvFAxyc27GXpf02,https://open.spotify.com/artist/06HL4z0CvFAxyc27GXpf02,124080125,Taylor Swift,100
4q3ewBCX7sLwd24euuV69X,https://open.spotify.com/artist/4q3ewBCX7sLwd24euuV69X,86393789,Bad Bunny,95
1Xyo4u8uXC1ZmMpatF05PJ,https://open.spotify.com/artist/1Xyo4u8uXC1ZmMpatF05PJ,93001526,The Weeknd,96
1uNFoZAHBGtllmzznpCI3s,https://open.spotify.com/artist/1uNFoZAHBGtllmzznpCI3s,78128982,Justin Bieber,91
6eUKZXaKkcviH0Ku9w2n3V,https://open.spotify.com/artist/6eUKZXaKkcviH0Ku9w2n3V,116652559,Ed Sheeran,89
7dGJo4pcD2V6oG8kP0tJRR,https://open.spotify.com/artist/7dGJo4pcD2V6oG8kP0tJRR,91828920,Eminem,93
0Y5tJX1MQlPlqiwlOH1tJY,https://open.spotify.com/artist/0Y5tJX1MQlPlqiwlOH1tJY,33796073,Travis Scott,94
66CXWjxzNUsdJxJ2JdwvnR,https://open.spotify.com/artist/66CXWjxzNUsdJxJ2JdwvnR,100518608,Ariana Grande,92
5K4W6rqBFWDnAN6FQUkS6x,https://open.spotify.com/artist/5K4W6rqBFWDnAN6FQUkS6x,27617871,Kanye West,93
246dkjvS1zLTtiykXe5h60,https://open.spotify.com/artist/246dkjvS1zLTtiykXe5h60,45597376,Post Malone,92
5pKCCKE2ajJHZ9KAiaK11H,https://open.spotify.com/artist/5pKCCKE2ajJHZ9KAiaK11H,63238206,Rihanna,92
1vyhD5VmyZ7KMfW5gqLgo5,https://open.spotify.com/artist/1vyhD5VmyZ7KMfW5gqLgo5,37276808,J Balvin,88
3Nrfpe0tUJi4K4DXYWgMUX,https://open.spotify.com/artist/3Nrfpe0tUJi4K4DXYWgMUX,76326945,BTS,87
6qqNVTkY8uBg9cP3Jd7DAH,https://open.spotify.com/artist/6qqNVTkY8uBg9cP3Jd7DAH,101017185,Billie Eilish,96
1RyvyyTE3xzB2ZywiAwp0i,https://open.spotify.com/artist/1RyvyyTE3xzB2ZywiAwp0i,18942245,Future,93
2YZyLoL8N0Wb9xBt1NhZWg,https://open.spotify.com/artist/2YZyLoL8N0Wb9xBt1NhZWg,33599307,Kendrick Lamar,92
4MCBfE4596Uoi2O4DtmEMz,https://open.spotify.com/artist/4MCBfE4596Uoi2O4DtmEMz,35733783,Juice WRLD,88
1i8SpTcr7yvPOmcqrbnVXY,https://open.spotify.com/artist/1i8SpTcr7yvPOmcqrbnVXY,37535437,Ozuna,87
0hCNtLu0JehylgoiP8L4Gh,https://open.spotify.com/artist/0hCNtLu0JehylgoiP8L4Gh,32544696,Nicki Minaj,87
0du5cEVh5yTK9QJze8zA0C,https://open.spotify.com/artist/0du5cEVh5yTK9QJze8zA0C,60668005,Bruno Mars,94
4gzpq5DPGxSnKTe4SA8HAU,https://open.spotify.com/artist/4gzpq5DPGxSnKTe4SA8HAU,54152230,Coldplay,92
15UsOTVnJzReFVN1VCnxy4,https://open.spotify.com/artist/15UsOTVnJzReFVN1VCnxy4,47127538,XXXTENTACION,89
6M2wZ9GZgrQXHCFfjv46we,https://open.spotify.com/artist/6M2wZ9GZgrQXHCFfjv46we,44861133,Dua Lipa,88
7bXgB6jMjp9ATFy66eO08Z,https://open.spotify.com/artist/7bXgB6jMjp9ATFy66eO08Z,23725041,Chris Brown,88
53XhwfbYqKCa1cC15pYq2q,https://open.spotify.com/artist/53XhwfbYqKCa1cC15pYq2q,54932385,Imagine Dragons,89
1URnnhqYAYcrqrcwql10ft,https://open.spotify.com/artist/1URnnhqYAYcrqrcwql10ft,20352040,21 Savage,89
1Cs0zKBU1kc0i8ypK3B9ai,https://open.spotify.com/artist/1Cs0zKBU1kc0i8ypK3B9ai,26311129,David Guetta,90
6LuN9FCkKOj5PcnpouEgny,https://open.spotify.com/artist/6LuN9FCkKOj5PcnpouEgny,16384852,Khalid,85
55Aa2cqylxrFIXC767Z865,https://open.spotify.com/artist/55Aa2cqylxrFIXC767Z865,15419341,Lil Wayne,87
4VMYDCV2IEDYJArk749S6m,https://open.spotify.com/artist/4VMYDCV2IEDYJArk749S6m,35251647,Daddy Yankee,88
2R21vXR83lH98kGeO99Y66,https://open.spotify.com/artist/2R21vXR83lH98kGeO99Y66,38348343,Anuel AA,88
00FQb4jTyendYWaN8pK0wa,https://open.spotify.com/artist/00FQb4jTyendYWaN8pK0wa,40792945,Lana Del Rey,92
04gDigrS5kc9YWfZHwBETP,https://open.spotify.com/artist/04gDigrS5kc9YWfZHwBETP,42925051,Maroon 5,87
1mcTU81TzQhprhouKaTkpq,https://open.spotify.com/artist/1mcTU81TzQhprhouKaTkpq,23890296,Rauw Alejandro,90
6vWDO969PvNqNYHIOW5v0m,https://open.spotify.com/artist/6vWDO969PvNqNYHIOW5v0m,38780311,Beyoncé,87
5f7VJjfbwm532GiveGC0ZK,https://open.spotify.com/artist/5f7VJjfbwm532GiveGC0ZK,18761524,Lil Baby,87
1r4hJ1h58CWwUQe3MxPuau,https://open.spotify.com/artist/1r4hJ1h58CWwUQe3MxPuau,34748299,Maluma,86
7CajNmpbOovFoOoasH2HaY,https://open.spotify.com/artist/7CajNmpbOovFoOoasH2HaY,22897371,Calvin Harris,87
790FomKkXshlbRYZFtlgla,https://open.spotify.com/artist/790FomKkXshlbRYZFtlgla,51274273,KAROL G,92
4O15NlyKLIASxsJ0PrXPfz,https://open.spotify.com/artist/4O15NlyKLIASxsJ0PrXPfz,17836699,Lil Uzi Vert,86
6l3HvQ5sa6mXTsMTB19rO5,https://open.spotify.com/artist/6l3HvQ5sa6mXTsMTB19rO5,24773395,J. Cole,87
7tYKF4w9nC0nq9CsPZTHyP,https://open.spotify.com/artist/7tYKF4w9nC0nq9CsPZTHyP,23770781,SZA,90
5WUlDfRSoLAfcVSX1WnrxN,https://open.spotify.com/artist/5WUlDfRSoLAfcVSX1WnrxN,28745859,Sia,85
7n2wHs1TKAczGzO7Dd2rGr,https://open.spotify.com/artist/7n2wHs1TKAczGzO7Dd2rGr,43463646,Shawn Mendes,84
50co4Is1HCEo8bhOyUWKpn,https://open.spotify.com/artist/50co4Is1HCEo8bhOyUWKpn,10587011,Young Thug,85
7iK8PXO48WeuP03g8YR51W,https://open.spotify.com/artist/7iK8PXO48WeuP03g8YR51W,16836430,Myke Towers,89
2wY79sveU1sp5g7SokKOiI,https://open.spotify.com/artist/2wY79sveU1sp5g7SokKOiI,24464711,Sam Smith,84
2LRoIwlKmHjgvigdNGBHNo,https://open.spotify.com/artist/2LRoIwlKmHjgvigdNGBHNo,14302533,Feid,92
1HY2Jd0NmPuamShAr6KMms,https://open.spotify.com/artist/1HY2Jd0NmPuamShAr6KMms,32193752,Lady Gaga,92
1dfeR4HaWDbWqFHLkxsg1d,https://open.spotify.com/artist/1dfeR4HaWDbWqFHLkxsg1d,51610858,Queen,86
329e4yvIujISKGKz1BZZbO,https://open.spotify.com/artist/329e4yvIujISKGKz1BZZbO,16049552,Farruko,84
5cj0lLjcoR7YOSnhnX0Po5,https://open.spotify.com/artist/5cj0lLjcoR7YOSnhnX0Po5,31605892,Doja Cat,87
6KImCVD70vtIoJWnq6nGn3,https://open.spotify.com/artist/6KImCVD70vtIoJWnq6nGn3,32987941,Harry Styles,85
4AK6F7OLvEQ5QYCBNiQWHq,https://open.spotify.com/artist/4AK6F7OLvEQ5QYCBNiQWHq,37041683,One Direction,89
4dpARuHxo51G3z768sgnrY,https://open.spotify.com/artist/4dpARuHxo51G3z768sgnrY,59518541,Adele,88
0EmeFodog0BfCgMzAIvKQp,https://open.spotify.com/artist/0EmeFodog0BfCgMzAIvKQp,34996336,Shakira,88
0C8ZW7ezQVs4URX5aX7Kqx,https://open.spotify.com/artist/0C8ZW7ezQVs4URX5aX7Kqx,50970051,Selena Gomez,83
0iEtIxbK0KxaSlF7G42ZOp,https://open.spotify.com/artist/0iEtIxbK0KxaSlF7G42ZOp,9441571,Metro Boomin,90
7c0XG5cIJTrrAgEC3ULPiq,https://open.spotify.com/artist/7c0XG5cIJTrrAgEC3ULPiq,5596899,Ty Dolla $ign,84
26VFTg2z8YR0cCuwLzESi2,https://open.spotify.com/artist/26VFTg2z8YR0cCuwLzESi2,21740369,Halsey,82
6XyY86QOPPrYVGvF9ch6wz,https://open.spotify.com/artist/6XyY86QOPPrYVGvF9ch6wz,27209053,Linkin Park,92
1SupJlEpv7RS2tPNRaHViT,https://open.spotify.com/artist/1SupJlEpv7RS2tPNRaHViT,19060964,Nicky Jam,82
6jJ0s89eD6GaHleKKya26X,https://open.spotify.com/artist/6jJ0s89eD6GaHleKKya26X,34729441,Katy Perry,87
4YRxDV8wJFPHPTeXepOstw,https://open.spotify.com/artist/4YRxDV8wJFPHPTeXepOstw,125362950,Arijit Singh,91
3WrFJ7ztbogyGnTHbHJFl2,https://open.spotify.com/artist/3WrFJ7ztbogyGnTHbHJFl2,28584202,The Beatles,86
2hlmm7s2ICUX0LVIhVFlZQ,https://open.spotify.com/artist/2hlmm7s2ICUX0LVIhVFlZQ,8160822,Gunna,87
7Ln80lUS6He07XvHI8qqHH,https://open.spotify.com/artist/7Ln80lUS6He07XvHI8qqHH,26970953,Arctic Monkeys,88
69GGBxA162lTqCwzJG5jLp,https://open.spotify.com/artist/69GGBxA162lTqCwzJG5jLp,20547487,The Chainsmokers,83
64KEffDW9EtZ1y2vBYgq8T,https://open.spotify.com/artist/64KEffDW9EtZ1y2vBYgq8T,33842164,Marshmello,84
1McMsnEElThX1knmY4oliG,https://open.spotify.com/artist/1McMsnEElThX1knmY4oliG,40609162,Olivia Rodrigo,89
137W8MRPWKqSmrBGDBFSop,https://open.spotify.com/artist/137W8MRPWKqSmrBGDBFSop,11288529,Wiz Khalifa,83
5YGY8feqx7naU7z4HrwZM6,https://open.spotify.com/artist/5YGY8feqx7naU7z4HrwZM6,24898353,Miley Cyrus,84
4kYSro6naA4h99UJvo89HB,https://open.spotify.com/artist/4kYSro6naA4h99UJvo89HB,24554552,Cardi B,81
4oUHIQIBe0LHzYfvXNW4QM,https://open.spotify.com/artist/4oUHIQIBe0LHzYfvXNW4QM,10908362,Morgan Wallen,91
12GqGscKJx3aE4t07u7eVZ,https://open.spotify.com/artist/12GqGscKJx3aE4t07u7eVZ,16761588,Peso Pluma,93
3nFkdlSjzX9mRTtwJOzDYB,https://open.spotify.com/artist/3nFkdlSjzX9mRTtwJOzDYB,9494442,JAY-Z,85
13ubrt8QOOCPljQ2FL1Kca,https://open.spotify.com/artist/13ubrt8QOOCPljQ2FL1Kca,15133335,A$AP Rocky,86
4nDoRrQiYLoBzwC5BhVJzF,https://open.spotify.com/artist/4nDoRrQiYLoBzwC5BhVJzF,33926781,Camila Cabello,82
0TnOYISbd1XYRBk9myaseg,https://open.spotify.com/artist/0TnOYISbd1XYRBk9myaseg,10872545,Pitbull,86
2h93pZq0e7k5yf4dywlkpM,https://open.spotify.com/artist/2h93pZq0e7k5yf4dywlkpM,15864395,Frank Ocean,88
4r63FhuTkUYltbVAg5TQnk,https://open.spotify.com/artist/4r63FhuTkUYltbVAg5TQnk,12253083,DaBaby,80
3YQKmKGau1PzlVlkL1iodx,https://open.spotify.com/artist/3YQKmKGau1PzlVlkL1iodx,24757017,Twenty One Pilots,84
4V8LLVI7PbaPR0K2TGSxFF,https://open.spotify.com/artist/4V8LLVI7PbaPR0K2TGSxFF,16711793,"Tyler, The Creator",87
0VRj0yCOv2FXJNP47XQnx5,https://open.spotify.com/artist/0VRj0yCOv2FXJNP47XQnx5,7584776,Quavo,81
1vCWHaC5f2uS3yhpwWbIA6,https://open.spotify.com/artist/1vCWHaC5f2uS3yhpwWbIA6,23076400,Avicii,82
23fqKkggKUBHNkbKtXEls4,https://open.spotify.com/artist/23fqKkggKUBHNkbKtXEls4,8470047,Kygo,82
77ziqFxp5gaInVrF2lj4ht,https://open.spotify.com/artist/77ziqFxp5gaInVrF2lj4ht,12089025,Sech,80
5Pwc4xIPtQLFEnJriah9YJ,https://open.spotify.com/artist/5Pwc4xIPtQLFEnJriah9YJ,17542279,OneRepublic,85
0L8ExT028jH3ddEcZwqJJ5,https://open.spotify.com/artist/0L8ExT028jH3ddEcZwqJJ5,21471262,Red Hot Chili Peppers,84
7hJcb9fa4alzcOq3EaNPoG,https://open.spotify.com/artist/7hJcb9fa4alzcOq3EaNPoG,12722392,Snoop Dogg,84
7Gi6gjaWy3DxyilpF1a8Is,https://open.spotify.com/artist/7Gi6gjaWy3DxyilpF1a8Is,19728298,Junior H,91
6Xgp2XMz1fhVYe7i6yNAax,https://open.spotify.com/artist/6Xgp2XMz1fhVYe7i6yNAax,9889289,Trippie Redd,83
3fMbdgg4jU18AjLCKBhRSm,https://open.spotify.com/artist/3fMbdgg4jU18AjLCKBhRSm,32985802,Michael Jackson,85
1VPmR4DJC1PlOtd0IADAO0,https://open.spotify.com/artist/1VPmR4DJC1PlOtd0IADAO0,7820212,$uicideboy$,88
5LHRHt1k9lMyONurDHEdrp,https://open.spotify.com/artist/5LHRHt1k9lMyONurDHEdrp,6992066,Tyga,79
699OTQXzgjhIYAHMy9RyPD,https://open.spotify.com/artist/699OTQXzgjhIYAHMy9RyPD,12000669,Playboi Carti,90
4SsVbpTthjScTS7U2hmr1X,https://open.spotify.com/artist/4SsVbpTthjScTS7U2hmr1X,15467877,Arcángel,84
1wRPtKGflJrBx9BmLsSwlU,https://open.spotify.com/artist/1wRPtKGflJrBx9BmLsSwlU,39665451,Pritam,89
07YZf4WDAMNwqr4jfgOZ8y,https://open.spotify.com/artist/07YZf4WDAMNwqr4jfgOZ8y,12227475,Jason Derulo,79
4LLpKhyESsyAXpc4laK94U,https://open.spotify.com/artist/4LLpKhyESsyAXpc4laK94U,10934359,Mac Miller,83
64M6ah0SkkRsnPGtGiRAbb,https://open.spotify.com/artist/64M6ah0SkkRsnPGtGiRAbb,9342859,Bebe Rexha,81
3PhoLpVuITZKcymswpck5b,https://open.spotify.com/artist/3PhoLpVuITZKcymswpck5b,13910875,Elton John,84
6VuMaDnrHyPL1p4EHjYLi7,https://open.spotify.com/artist/6VuMaDnrHyPL1p4EHjYLi7,23356439,Charlie Puth,82
3q7HBObVc0L8jNeTe5Gofh,https://open.spotify.com/artist/3q7HBObVc0L8jNeTe5Gofh,15765371,50 Cent,85
1zNqQNIdeOUZHb8zbZRFMX,https://open.spotify.com/artist/1zNqQNIdeOUZHb8zbZRFMX,2338831,Swae Lee,81
6S2OmqARrzebs0tKUEyXyp,https://open.spotify.com/artist/6S2OmqARrzebs0tKUEyXyp,26752280,Demi Lovato,78
0eDvMgVFoNV3TpwtrVCoTj,https://open.spotify.com/artist/0eDvMgVFoNV3TpwtrVCoTj,14619124,Pop Smoke,80
31W5EY0aAly4Qieq6OFu6I,https://open.spotify.com/artist/31W5EY0aAly4Qieq6OFu6I,8490607,A Boogie Wit da Hoodie,80
7wlFDEWiM5OoIAt8RSli8b,https://open.spotify.com/artist/7wlFDEWiM5OoIAt8RSli8b,13227747,YoungBoy Never Broke Again,82
0tmwSHipWxN12fsoLcFU3B,https://open.spotify.com/artist/0tmwSHipWxN12fsoLcFU3B,14108301,Manuel Turizo,84
5lwmRuXgjX8xIwlnauTZIP,https://open.spotify.com/artist/5lwmRuXgjX8xIwlnauTZIP,22771656,Romeo Santos,85
46SHBwWsqBkxI7EeeBEQG7,https://open.spotify.com/artist/46SHBwWsqBkxI7EeeBEQG7,11050105,Kodak Black,82
2o5jDhtHVPhrJdv3cEQ99Z,https://open.spotify.com/artist/2o5jDhtHVPhrJdv3cEQ99Z,7525051,Tiësto,84
2ye2Wgw4gimLv2eAKyk1NB,https://open.spotify.com/artist/2ye2Wgw4gimLv2eAKyk1NB,28713009,Metallica,84
41MozSoPIsD1dJM0CLPjZF,https://open.spotify.com/artist/41MozSoPIsD1dJM0CLPjZF,51382961,BLACKPINK,81
0c173mlxpT3dSFRgMO8XPh,https://open.spotify.com/artist/0c173mlxpT3dSFRgMO8XPh,11206061,Big Sean,79
3meJIgRw7YleJrmbpbJK6S,https://open.spotify.com/artist/3meJIgRw7YleJrmbpbJK6S,1088967,Die drei ???,87
07YUOmWljBTXwIseAUd9TW,https://open.spotify.com/artist/07YUOmWljBTXwIseAUd9TW,23168138,Sebastian Yatra,80
6nVcHLIgY5pE2YCl8ubca1,https://open.spotify.com/artist/6nVcHLIgY5pE2YCl8ubca1,8128347,JHAYCO,84
6oMuImdp5ZcFhWP0ESe6mG,https://open.spotify.com/artist/6oMuImdp5ZcFhWP0ESe6mG,14052511,Migos,77
77SW9BnxLY8rJ0RciFqkHh,https://open.spotify.com/artist/77SW9BnxLY8rJ0RciFqkHh,18220569,The Neighbourhood,86
2kCcBybjl3SAtIcwdWpUe3,https://open.spotify.com/artist/2kCcBybjl3SAtIcwdWpUe3,13170341,Lil Peep,85
4tZwfgrHOc3mvqYlEYSvVi,https://open.spotify.com/artist/4tZwfgrHOc3mvqYlEYSvVi,10205203,Daft Punk,82
31TPClRtHm23RisEBtV3X7,https://open.spotify.com/artist/31TPClRtHm23RisEBtV3X7,14620879,Justin Timberlake,83
718COspgdWOnwOFpJHRZHS,https://open.spotify.com/artist/718COspgdWOnwOFpJHRZHS,11562938,Luke Combs,88
1KCSPY1glIKqW2TotWuXOR,https://open.spotify.com/artist/1KCSPY1glIKqW2TotWuXOR,17214913,P!nk,82
0X2BH1fck6amBIoJhDVmmJ,https://open.spotify.com/artist/0X2BH1fck6amBIoJhDVmmJ,12606515,Ellie Goulding,80
6AgTAQt8XS6jRWi4sX7w49,https://open.spotify.com/artist/6AgTAQt8XS6jRWi4sX7w49,11888754,Polo G,81
7vk5e3vY1uw9plTHJAMwjN,https://open.spotify.com/artist/7vk5e3vY1uw9plTHJAMwjN,39609282,Alan Walker,82
711MCceyCBcFnzjGY4Q7Un,https://open.spotify.com/artist/711MCceyCBcFnzjGY4Q7Un,29618372,AC/DC,84
4IWBUUAFIplrNtaOHcJPRM,https://open.spotify.com/artist/4IWBUUAFIplrNtaOHcJPRM,18730032,James Arthur,81
540vIaP2JwjQb9dm3aArA4,https://open.spotify.com/artist/540vIaP2JwjQb9dm3aArA4,8881062,DJ Snake,79
13y7CgLHjMVRMDqxdx0Xdo,https://open.spotify.com/artist/13y7CgLHjMVRMDqxdx0Xdo,5667793,Gucci Mane,78
716NhGYqD1jl2wI1Qkgq36,https://open.spotify.com/artist/716NhGYqD1jl2wI1Qkgq36,16751336,Bizarrap,82
0elWFr7TW8piilVRYJUe4P,https://open.spotify.com/artist/0elWFr7TW8piilVRYJUe4P,15761213,Natanael Cano,89
2nszmSgqreHSdJA3zWPyrW,https://open.spotify.com/artist/2nszmSgqreHSdJA3zWPyrW,17073606,Luis Miguel,84
3xvaSlT4xsyk6lY1ESOspO,https://open.spotify.com/artist/3xvaSlT4xsyk6lY1ESOspO,621837,Disney,84
3Isy6kedDrgPYoTS1dazA9,https://open.spotify.com/artist/3Isy6kedDrgPYoTS1dazA9,4895812,Sean Paul,82
02kJSzxNuaWGqwubyUba0Z,https://open.spotify.com/artist/02kJSzxNuaWGqwubyUba0Z,5484761,G-Eazy,78
1yR65psqiazQpeM79CcGh8,https://open.spotify.com/artist/1yR65psqiazQpeM79CcGh8,34881240,Marília Mendonça,81
5fMUXHkw8R8eOP2RNVYEZX,https://open.spotify.com/artist/5fMUXHkw8R8eOP2RNVYEZX,2681963,Diplo,79
23zg3TcAtWQy7J6upgbUnj,https://open.spotify.com/artist/23zg3TcAtWQy7J6upgbUnj,12258397,USHER,83
14zUHaJZo1mnYtn6IBRaRP,https://open.spotify.com/artist/14zUHaJZo1mnYtn6IBRaRP,4695487,Justin Quiles,79
20JZFwl6HVl6yg8a4H3ZqK,https://open.spotify.com/artist/20JZFwl6HVl6yg8a4H3ZqK,12380705,Panic! At The Disco,78
3hcs9uc56yIGFCSy9leWe7,https://open.spotify.com/artist/3hcs9uc56yIGFCSy9leWe7,8093718,Lil Durk,82
33ScadVnbm2X8kkUqOkC6Z,https://open.spotify.com/artist/33ScadVnbm2X8kkUqOkC6Z,12758351,Don Omar,84
17lzZA2AlOHwCwFALHttmp,https://open.spotify.com/artist/17lzZA2AlOHwCwFALHttmp,8108729,2 Chainz,76
2FXC3k01G6Gw61bmprjgqS,https://open.spotify.com/artist/2FXC3k01G6Gw61bmprjgqS,7954251,Hozier,86
6olE6TJLqED3rqDCT0FyPh,https://open.spotify.com/artist/6olE6TJLqED3rqDCT0FyPh,20522362,Nirvana,84
3p7PcrEHaaKLJnPUGOtRlT,https://open.spotify.com/artist/3p7PcrEHaaKLJnPUGOtRlT,23720859,Henrique & Juliano,86
4DdkRBBYG6Yk9Ka8tdJ9BW,https://open.spotify.com/artist/4DdkRBBYG6Yk9Ka8tdJ9BW,4463279,Offset,80
4UXqAaa6dQYAk18Lv7PEgX,https://open.spotify.com/artist/4UXqAaa6dQYAk18Lv7PEgX,10911205,Fall Out Boy,80
757aE44tKEUQEqRuT6GnEB,https://open.spotify.com/artist/757aE44tKEUQEqRuT6GnEB,10910780,Roddy Ricch,77
1bAftSH8umNcGZ0uyV7LMg,https://open.spotify.com/artist/1bAftSH8umNcGZ0uyV7LMg,11326019,Duki,83
0fA0VVWsXO9YnASrzqfmYu,https://open.spotify.com/artist/0fA0VVWsXO9YnASrzqfmYu,7247403,Kid Cudi,80
7jVv8c5Fj3E9VhNjxT4snq,https://open.spotify.com/artist/7jVv8c5Fj3E9VhNjxT4snq,12412482,Lil Nas X,76
2tIP7SsRs7vjIcLrU85W8J,https://open.spotify.com/artist/2tIP7SsRs7vjIcLrU85W8J,5761195,The Kid LAROI,85
1U1el3k54VvEUzo3ybLPlM,https://open.spotify.com/artist/1U1el3k54VvEUzo3ybLPlM,7979028,Kali Uchis,85
26dSoYclwsYLMAKD3tpOr4,https://open.spotify.com/artist/26dSoYclwsYLMAKD3tpOr4,15386697,Britney Spears,83
4xRYI6VqpkE3UwrDrAZL8L,https://open.spotify.com/artist/4xRYI6VqpkE3UwrDrAZL8L,6095927,Logic,75
0z4gvV4rjIZ9wHck67ucSV,https://open.spotify.com/artist/0z4gvV4rjIZ9wHck67ucSV,5005668,Akon,84
40ZNYROS4zLfyyBSs2PGe2,https://open.spotify.com/artist/40ZNYROS4zLfyyBSs2PGe2,5326411,Zach Bryan,91
60d24wfXkVzDSfLS6hyCjZ,https://open.spotify.com/artist/60d24wfXkVzDSfLS6hyCjZ,15081426,Martin Garrix,77
6fOMl44jA4Sp5b9PpYCkzz,https://open.spotify.com/artist/6fOMl44jA4Sp5b9PpYCkzz,10335314,NF,79
2jku7tDXc6XoB6MO2hFuqg,https://open.spotify.com/artist/2jku7tDXc6XoB6MO2hFuqg,7089093,Tory Lanez,82
4GNC7GD6oZMSxPGyXy4MNB,https://open.spotify.com/artist/4GNC7GD6oZMSxPGyXy4MNB,12890949,Lewis Capaldi,81
738wLrAtLtCtFOLvQBXOXp,https://open.spotify.com/artist/738wLrAtLtCtFOLvQBXOXp,6194944,Major Lazer,77
1g7maGuGMHVGlrfVI68pKh,https://open.spotify.com/artist/1g7maGuGMHVGlrfVI68pKh,42,Anitta,6
7oPftvlwr6VrsViSDV7fJY,https://open.spotify.com/artist/7oPftvlwr6VrsViSDV7fJY,15586017,Green Day,83
0ys2OFYzWYB5hRDLCsBqxt,https://open.spotify.com/artist/0ys2OFYzWYB5hRDLCsBqxt,11903675,Fuerza Regida,90
2RdwBSPQiwcmiDo9kixcl8,https://open.spotify.com/artist/2RdwBSPQiwcmiDo9kixcl8,4844978,Pharrell Williams,81
1pQWsZQehhS4wavwh7Fnxd,https://open.spotify.com/artist/1pQWsZQehhS4wavwh7Fnxd,2992184,Lenny Tavárez,80
0hEurMDQu99nJRq8pTxO14,https://open.spotify.com/artist/0hEurMDQu99nJRq8pTxO14,6062452,John Mayer,79
3MZsBdqDrRTJihTHQrO6Dq,https://open.spotify.com/artist/3MZsBdqDrRTJihTHQrO6Dq,9843932,Joji,80
0jnsk9HBra6NMjO2oANoPY,https://open.spotify.com/artist/0jnsk9HBra6NMjO2oANoPY,8673800,Flo Rida,81
08GQAI4eElDnROBrJRGE0X,https://open.spotify.com/artist/08GQAI4eElDnROBrJRGE0X,12175813,Fleetwood Mac,83
7ltDVBr6mKbRvohxheJ9h1,https://open.spotify.com/artist/7ltDVBr6mKbRvohxheJ9h1,8358989,ROSALÍA,82
2QsynagSdAqZj3U9HgDzjD,https://open.spotify.com/artist/2QsynagSdAqZj3U9HgDzjD,12741479,Bob Marley & The Wailers,82
1yxSLGMDHlW21z4YXirZDS,https://open.spotify.com/artist/1yxSLGMDHlW21z4YXirZDS,8473738,Black Eyed Peas,82
6TIYQ3jFPwQSRmorSezPxX,https://open.spotify.com/artist/6TIYQ3jFPwQSRmorSezPxX,5390277,mgk,79
4obzFoKoKRHIphyHzJ35G3,https://open.spotify.com/artist/4obzFoKoKRHIphyHzJ35G3,15172455,Becky G,79
28gNT5KBp7IjEOQoevXf9N,https://open.spotify.com/artist/28gNT5KBp7IjEOQoevXf9N,19337931,Camilo,81
2cFrymmkijnjDg9SS92EPM,https://open.spotify.com/artist/2cFrymmkijnjDg9SS92EPM,4983992,blackbear,75
1zNqDE7qDGCsyzJwohVaoX,https://open.spotify.com/artist/1zNqDE7qDGCsyzJwohVaoX,12086650,Anne-Marie,79
5Rl15oVamLq7FbSb0NNBNy,https://open.spotify.com/artist/5Rl15oVamLq7FbSb0NNBNy,10059434,5 Seconds of Summer,77
4Gso3d4CscCijv0lmajZWs,https://open.spotify.com/artist/4Gso3d4CscCijv0lmajZWs,5118436,Don Toliver,87
3JhNCzhSMTxs9WLGJJxWOY,https://open.spotify.com/artist/3JhNCzhSMTxs9WLGJJxWOY,2420111,Macklemore,78
5C4PDR4LnhZTbVnKWXuDKD,https://open.spotify.com/artist/5C4PDR4LnhZTbVnKWXuDKD,12105230,Morat,83
66ihevNkSYNzRAl44dx6jJ,https://open.spotify.com/artist/66ihevNkSYNzRAl44dx6jJ,13329420,Carin Leon,87
0XwVARXT135rw8lyw1EeWP,https://open.spotify.com/artist/0XwVARXT135rw8lyw1EeWP,15128819,Christian Nodal,82
74KM79TiuVKeVCqs8QtB0B,https://open.spotify.com/artist/74KM79TiuVKeVCqs8QtB0B,13899082,Sabrina Carpenter,95
2EMAnMvWE2eb56ToJVfCWs,https://open.spotify.com/artist/2EMAnMvWE2eb56ToJVfCWs,9085681,Bryson Tiller,83
1elUiq4X7pxej6FRlrEzjM,https://open.spotify.com/artist/1elUiq4X7pxej6FRlrEzjM,20375673,Jorge & Mateus,82
2LIk90788K0zvyj2JJVwkJ,https://open.spotify.com/artist/2LIk90788K0zvyj2JJVwkJ,3944969,Jack Harlow,80
21E3waRsmPlU7jZsS13rcj,https://open.spotify.com/artist/21E3waRsmPlU7jZsS13rcj,9206552,Ne-Yo,83
5ZsFI1h6hIdQRw2ti0hz81,https://open.spotify.com/artist/5ZsFI1h6hIdQRw2ti0hz81,23307909,ZAYN,78
73sIBHcqh3Z3NyqHKZ7FOL,https://open.spotify.com/artist/73sIBHcqh3Z3NyqHKZ7FOL,13426454,Childish Gambino,81
2qxJFvFYMEDqd7ui6kSAcq,https://open.spotify.com/artist/2qxJFvFYMEDqd7ui6kSAcq,5972612,Zedd,76
3t5xRXzsuZmMDkQzgOX35S,https://open.spotify.com/artist/3t5xRXzsuZmMDkQzgOX35S,3121756,Robin Schulz,78
1ZwdS5xdxEREPySFridCfh,https://open.spotify.com/artist/1ZwdS5xdxEREPySFridCfh,19273984,2Pac,82
5JZ7CnR6gTvEMKX4g70Amv,https://open.spotify.com/artist/5JZ7CnR6gTvEMKX4g70Amv,6341822,Lauv,77
6icQOAFXDZKsumw3YXyusw,https://open.spotify.com/artist/6icQOAFXDZKsumw3YXyusw,10233940,Lil Yachty,81
3qm84nBOXUEQ2vnTfUTTFC,https://open.spotify.com/artist/3qm84nBOXUEQ2vnTfUTTFC,32021246,Guns N' Roses,81
181bsRPaVXVlUKXrxwZfHK,https://open.spotify.com/artist/181bsRPaVXVlUKXrxwZfHK,9853229,Megan Thee Stallion,83
6DPYiyq5kWVQS4RGwxzPC7,https://open.spotify.com/artist/6DPYiyq5kWVQS4RGwxzPC7,12587446,Dr. Dre,82
0k17h0D3J5VfsdmQ1iZtE9,https://open.spotify.com/artist/0k17h0D3J5VfsdmQ1iZtE9,20995972,Pink Floyd,80
4npEfmQ6YuiwW1GpUmaq3F,https://open.spotify.com/artist/4npEfmQ6YuiwW1GpUmaq3F,7142569,Ava Max,81
22bE4uQ6baNwSHPVcDxLCe,https://open.spotify.com/artist/22bE4uQ6baNwSHPVcDxLCe,14538307,The Rolling Stones,80
1anyVhU62p31KFi8MEzkbf,https://open.spotify.com/artist/1anyVhU62p31KFi8MEzkbf,6021159,Chance the Rapper,75
2C6i0I5RiGzDKN9IAF8reh,https://open.spotify.com/artist/2C6i0I5RiGzDKN9IAF8reh,17828568,Banda MS de Sergio Lizárraga,81
6vXTefBL93Dj5IqAWq6OTv,https://open.spotify.com/artist/6vXTefBL93Dj5IqAWq6OTv,5544032,French Montana,76
5y2Xq6xcjJb2jVM54GHK3t,https://open.spotify.com/artist/5y2Xq6xcjJb2jVM54GHK3t,7111536,John Legend,77
4iHNK0tOyZPYnBU7nGAgpQ,https://open.spotify.com/artist/4iHNK0tOyZPYnBU7nGAgpQ,10513273,Mariah Carey,80
3e7awlrlDSwF3iM0WBjGMp,https://open.spotify.com/artist/3e7awlrlDSwF3iM0WBjGMp,12048234,Little Mix,74
1GxkXlMwML1oSg5eLPiAz3,https://open.spotify.com/artist/1GxkXlMwML1oSg5eLPiAz3,6419337,Michael Bublé,76
360IAlyVv4PCEVjgyMZrxK,https://open.spotify.com/artist/360IAlyVv4PCEVjgyMZrxK,5326568,Miguel,81
3AA28KZvwAUcZuOKwyblJQ,https://open.spotify.com/artist/3AA28KZvwAUcZuOKwyblJQ,12255127,Gorillaz,81
6JL8zeS1NmiOftqZTRgdTz,https://open.spotify.com/artist/6JL8zeS1NmiOftqZTRgdTz,15411174,Meghan Trainor,80
4Z8W4fKeB5YxbusRsdQVPb,https://open.spotify.com/artist/4Z8W4fKeB5YxbusRsdQVPb,10713985,Radiohead,84
6jGMq4yGs7aQzuGsMgVgZR,https://open.spotify.com/artist/6jGMq4yGs7aQzuGsMgVgZR,9066428,Lil Tjay,79
7qG3b048QCHVRO5Pv1T5lw,https://open.spotify.com/artist/7qG3b048QCHVRO5Pv1T5lw,11163388,Enrique Iglesias,79
0vR2qb8m9WHeZ5ByCbimq2,https://open.spotify.com/artist/0vR2qb8m9WHeZ5ByCbimq2,9061338,Reik,79
0QHgL1lAIqAw0HtD7YldmP,https://open.spotify.com/artist/0QHgL1lAIqAw0HtD7YldmP,11704373,DJ Khaled,76
5he5w2lnU9x7JFhnwcekXX,https://open.spotify.com/artist/5he5w2lnU9x7JFhnwcekXX,7634212,Skrillex,77
21451j1KhjAiaYKflxBjr1,https://open.spotify.com/artist/21451j1KhjAiaYKflxBjr1,7737501,Zion & Lennox,77
7MiDcPa6UiV3In7lIM71IN,https://open.spotify.com/artist/7MiDcPa6UiV3In7lIM71IN,21738950,Gusttavo Lima,82
63yrD80RY3RNEM2YDpUpO8,https://open.spotify.com/artist/63yrD80RY3RNEM2YDpUpO8,21420442,Melanie Martinez,80
2IMZYfNi21MGqxopj9fWx8,https://open.spotify.com/artist/2IMZYfNi21MGqxopj9fWx8,8207464,Rels B,84
0eHQ9o50hj6ZDNBt6Ys1sD,https://open.spotify.com/artist/0eHQ9o50hj6ZDNBt6Ys1sD,8011801,Yandel,81
2feDdbD5araYcm6JhFHHw7,https://open.spotify.com/artist/2feDdbD5araYcm6JhFHHw7,3344966,Labrinth,78
5INjqkS1o8h1imAzPqGZBb,https://open.spotify.com/artist/5INjqkS1o8h1imAzPqGZBb,8234033,Tame Impala,81
3DiDSECUqqY1AuBP8qtaIa,https://open.spotify.com/artist/3DiDSECUqqY1AuBP8qtaIa,12153691,Alicia Keys,81
52iwsT98xCoGgiGntTiR7K,https://open.spotify.com/artist/52iwsT98xCoGgiGntTiR7K,5203856,Quevedo,82
0LcJLqbBmaGUft1e9Mm8HV,https://open.spotify.com/artist/0LcJLqbBmaGUft1e9Mm8HV,13027046,ABBA,82
7n2Ycct7Beij7Dj7meI4X0,https://open.spotify.com/artist/7n2Ycct7Beij7Dj7meI4X0,20863986,TWICE,79
45dkTj5sMRSjrmBSBeiHym,https://open.spotify.com/artist/45dkTj5sMRSjrmBSBeiHym,6073177,Tate McRae,85
5eAWCfyUhZtHHtBdNk56l1,https://open.spotify.com/artist/5eAWCfyUhZtHHtBdNk56l1,11507657,System Of A Down,82
1wZtkThiXbVNtj6hee6dz9,https://open.spotify.com/artist/1wZtkThiXbVNtj6hee6dz9,7796263,Wisin & Yandel,81
1sBkRIssrMs1AbVkOJbc7a,https://open.spotify.com/artist/1sBkRIssrMs1AbVkOJbc7a,7375523,Rick Ross,77
0Q8NcsJwoCbZOHHW63su5S,https://open.spotify.com/artist/0Q8NcsJwoCbZOHHW63su5S,6144387,Mora,83
20wkVLutqVOYrc0kxFs7rA,https://open.spotify.com/artist/20wkVLutqVOYrc0kxFs7rA,6931822,Daniel Caesar,84
20sxb77xiYeusSH8cVdatc,https://open.spotify.com/artist/20sxb77xiYeusSH8cVdatc,7978545,Meek Mill,75
6MDME20pz9RveH9rEXvrOM,https://open.spotify.com/artist/6MDME20pz9RveH9rEXvrOM,5581772,Clean Bandit,77
3tlXnStJ1fFhdScmQeLpuG,https://open.spotify.com/artist/3tlXnStJ1fFhdScmQeLpuG,6599979,Brent Faiyaz,85
4zCH9qm4R2DADamUHMCa6O,https://open.spotify.com/artist/4zCH9qm4R2DADamUHMCa6O,33286383,Anirudh Ravichander,86
3b8QkneNDz4JHKKKlLgYZg,https://open.spotify.com/artist/3b8QkneNDz4JHKKKlLgYZg,5461764,Florida Georgia Line,74
2wUjUUtkb5lvLKcGKsKqsR,https://open.spotify.com/artist/2wUjUUtkb5lvLKcGKsKqsR,11856846,Alessia Cara,74
5XJDexmWFLWOkjOEjOVX3e,https://open.spotify.com/artist/5XJDexmWFLWOkjOEjOVX3e,7808199,Eladio Carrion,81
2dIgFjalVxs4ThymZ67YCE,https://open.spotify.com/artist/2dIgFjalVxs4ThymZ67YCE,17106367,Stray Kids,85
43ZHCT0cAZBISjO8DG9PnE,https://open.spotify.com/artist/43ZHCT0cAZBISjO8DG9PnE,9950988,Elvis Presley,80
1z7b1Pr1rSlvWRzsW3HOrS,https://open.spotify.com/artist/1z7b1Pr1rSlvWRzsW3HOrS,5244692,Russ,76
6FBDaR13swtiWwGhX1WQsP,https://open.spotify.com/artist/6FBDaR13swtiWwGhX1WQsP,8562128,blink-182,80
6LqNN22kT3074XbTVUrhzX,https://open.spotify.com/artist/6LqNN22kT3074XbTVUrhzX,8232651,Kesha,81
7jy3rLJdDQY21OgRLCZ9sD,https://open.spotify.com/artist/7jy3rLJdDQY21OgRLCZ9sD,12083118,Foo Fighters,78
1l7ZsJRRS8wlW3WfJfPfNS,https://open.spotify.com/artist/1l7ZsJRRS8wlW3WfJfPfNS,8532610,Christina Aguilera,79
1TtXnWcUs0FCkaZDPGYHdf,https://open.spotify.com/artist/1TtXnWcUs0FCkaZDPGYHdf,4541295,Darell,78
3WGpXCj9YhhfX11TToZcXP,https://open.spotify.com/artist/3WGpXCj9YhhfX11TToZcXP,8459495,Troye Sivan,79
3IYUhFvPQItj6xySrBmZkd,https://open.spotify.com/artist/3IYUhFvPQItj6xySrBmZkd,7022415,Creedence Clearwater Revival,82
51Blml2LZPmy7TTiAg47vQ,https://open.spotify.com/artist/51Blml2LZPmy7TTiAg47vQ,12609671,U2,78
163tK9Wjr9P9DmM0AVK7lm,https://open.spotify.com/artist/163tK9Wjr9P9DmM0AVK7lm,10067642,Lorde,78
25uiPmTg16RbhZWAqwLBy5,https://open.spotify.com/artist/25uiPmTg16RbhZWAqwLBy5,4306588,Charli xcx,90
0oSGxfWSnnOXhD2fKuz2Gy,https://open.spotify.com/artist/0oSGxfWSnnOXhD2fKuz2Gy,10817461,David Bowie,78
6tbjWDEIzxoDsBA1FuhfPW,https://open.spotify.com/artist/6tbjWDEIzxoDsBA1FuhfPW,8140284,Madonna,81
2HPaUgqeutzr3jx5a9WyDV,https://open.spotify.com/artist/2HPaUgqeutzr3jx5a9WyDV,7285059,PARTYNEXTDOOR,83
1Mxqyy3pSjf8kZZL4QVxS0,https://open.spotify.com/artist/1Mxqyy3pSjf8kZZL4QVxS0,7502291,Frank Sinatra,79
5ZS223C6JyBfXasXxrRqOk,https://open.spotify.com/artist/5ZS223C6JyBfXasXxrRqOk,8384560,Jhené Aiko,79
1HBjj22wzbscIZ9sEb5dyf,https://open.spotify.com/artist/1HBjj22wzbscIZ9sEb5dyf,3775001,Jonas Blue,74
6wWVKhxIU2cEi0K81v7HvP,https://open.spotify.com/artist/6wWVKhxIU2cEi0K81v7HvP,10404412,Rammstein,80
0C0XlULifJtAgn6ZNCW2eu,https://open.spotify.com/artist/0C0XlULifJtAgn6ZNCW2eu,7513502,The Killers,79
12vb80Km0Ew53ABfJOepVz,https://open.spotify.com/artist/12vb80Km0Ew53ABfJOepVz,6498645,Ñengo Flow,81
4V8Sr092TqfHkfAA5fXXqG,https://open.spotify.com/artist/4V8Sr092TqfHkfAA5fXXqG,10612632,Luis Fonsi,75
5me0Irg2ANcsgc93uaYrpb,https://open.spotify.com/artist/5me0Irg2ANcsgc93uaYrpb,10878501,The Notorious B.I.G.,80
4Ga1P7PMIsmqEZqhYZQgDo,https://open.spotify.com/artist/4Ga1P7PMIsmqEZqhYZQgDo,7942510,Lil Tecca,84
7EQ0qTo7fWT7DPxmxtSYEc,https://open.spotify.com/artist/7EQ0qTo7fWT7DPxmxtSYEc,5572242,Bastille,76
3mIj9lX2MWuHmhNCA7LSCW,https://open.spotify.com/artist/3mIj9lX2MWuHmhNCA7LSCW,7419297,The 1975,78
05fG473iIaoy82BF1aGhL8,https://open.spotify.com/artist/05fG473iIaoy82BF1aGhL8,11972756,Slipknot,81
74XFHRwlV6OrjEM0A2NCMF,https://open.spotify.com/artist/74XFHRwlV6OrjEM0A2NCMF,8843998,Paramore,80
37230BxxYs9ksS7OkZw3IU,https://open.spotify.com/artist/37230BxxYs9ksS7OkZw3IU,1215835,Chencho Corleone,80
0GM7qgcRCORpGnfcN2tCiB,https://open.spotify.com/artist/0GM7qgcRCORpGnfcN2tCiB,2394722,Tainy,79
6Te49r3A6f5BiIgBRxH7FH,https://open.spotify.com/artist/6Te49r3A6f5BiIgBRxH7FH,10379516,Ninho,79
0ZED1XzwlLHW4ZaG4lOT6m,https://open.spotify.com/artist/0ZED1XzwlLHW4ZaG4lOT6m,5078495,Julia Michaels,74
3aQeKQSyrW4qWr35idm0cy,https://open.spotify.com/artist/3aQeKQSyrW4qWr35idm0cy,5058738,T-Pain,80
0NGAZxHanS9e0iNHpR8f2W,https://open.spotify.com/artist/0NGAZxHanS9e0iNHpR8f2W,11278207,Alok,80
1DxLCyH42yaHKGK3cl5bvG,https://open.spotify.com/artist/1DxLCyH42yaHKGK3cl5bvG,7103515,Maria Becerra,82
58lV9VcRSjABbAbfWS6skp,https://open.spotify.com/artist/58lV9VcRSjABbAbfWS6skp,14013821,Bon Jovi,80
0KPX4Ucy9dk82uj4GpKesn,https://open.spotify.com/artist/0KPX4Ucy9dk82uj4GpKesn,4949656,Dalex,76
487N2T9nIPEHrlTZLL3SQs,https://open.spotify.com/artist/487N2T9nIPEHrlTZLL3SQs,20285678,Zé Neto & Cristiano,80
3vQ0GE3mI0dAaxIMYe5g7z,https://open.spotify.com/artist/3vQ0GE3mI0dAaxIMYe5g7z,24021890,Paulo Londra,79
6XkjpgcEsYab502Vr1bBeW,https://open.spotify.com/artist/6XkjpgcEsYab502Vr1bBeW,5070569,Grupo Frontera,86
36QJpDe2go2KgaRleHCDTp,https://open.spotify.com/artist/36QJpDe2go2KgaRleHCDTp,14751128,Led Zeppelin,77
0A0FS04o6zMoto8OKPsDwY,https://open.spotify.com/artist/0A0FS04o6zMoto8OKPsDwY,3355446,YG,74
0cGUm45nv7Z6M6qdXYQGTX,https://open.spotify.com/artist/0cGUm45nv7Z6M6qdXYQGTX,7920177,Kehlani,77
6w9ToX5slZ4uIdmD17hJ3c,https://open.spotify.com/artist/6w9ToX5slZ4uIdmD17hJ3c,11650174,Bryant Myers,83
7rkW85dBwwrJtlHRDkJDAC,https://open.spotify.com/artist/7rkW85dBwwrJtlHRDkJDAC,3496251,NAV,73
16oZKvXb6WkQlVAjwo2Wbg,https://open.spotify.com/artist/16oZKvXb6WkQlVAjwo2Wbg,5515487,The Lumineers,80
1Ffb6ejR6Fe5IamqA5oRUF,https://open.spotify.com/artist/1Ffb6ejR6Fe5IamqA5oRUF,5943353,Bring Me The Horizon,81
4wLXwxDeWQ8mtUIRPxGiD6,https://open.spotify.com/artist/4wLXwxDeWQ8mtUIRPxGiD6,10029430,Marc Anthony,77
2DaxqgrOhkeH0fpeiQq2f4,https://open.spotify.com/artist/2DaxqgrOhkeH0fpeiQq2f4,10776732,Oasis,82
1dKdetem2xEmjgvyymzytS,https://open.spotify.com/artist/1dKdetem2xEmjgvyymzytS,13597013,Grupo Firme,81
0lAWpj5szCSwM4rUMHYmrr,https://open.spotify.com/artist/0lAWpj5szCSwM4rUMHYmrr,9779829,Måneskin,81
3KV3p5EY4AvKxOlhGHORLg,https://open.spotify.com/artist/3KV3p5EY4AvKxOlhGHORLg,6720851,Jeremih,75
3EiLUeyEcA6fbRPSHkG5kb,https://open.spotify.com/artist/3EiLUeyEcA6fbRPSHkG5kb,7360183,De La Ghetto,78
4NHQUGzhtTLFvgF5SZesLK,https://open.spotify.com/artist/4NHQUGzhtTLFvgF5SZesLK,3628266,Tove Lo,75
3jK9MiCrA42lLAdMGUZpwa,https://open.spotify.com/artist/3jK9MiCrA42lLAdMGUZpwa,2587101,Anderson .Paak,79
2uYWxilOVlUdk4oV9DvwqK,https://open.spotify.com/artist/2uYWxilOVlUdk4oV9DvwqK,9124909,Mitski,84
0pePYDrJGk8gqMRbXrLJC8,https://open.spotify.com/artist/0pePYDrJGk8gqMRbXrLJC8,6502465,Luis R Conriquez,86
6HaGTQPmzraVmaVxvz6EUc,https://open.spotify.com/artist/6HaGTQPmzraVmaVxvz6EUc,16229636,Jung Kook,87
4YLtscXsxbVgi031ovDDdh,https://open.spotify.com/artist/4YLtscXsxbVgi031ovDDdh,7638650,Chris Stapleton,83
57LYzLEk2LcFghVwuWbcuS,https://open.spotify.com/artist/57LYzLEk2LcFghVwuWbcuS,6916456,Summer Walker,81
0BvkDsjIUla7X0k6CSWh1I,https://open.spotify.com/artist/0BvkDsjIUla7X0k6CSWh1I,8894616,Luke Bryan,78
2Z0lRIqr997lIUiPtrpKCr,https://open.spotify.com/artist/2Z0lRIqr997lIUiPtrpKCr,11346326,Matheus & Kauan,80
0oOet2f43PA68X5RxKobEy,https://open.spotify.com/artist/0oOet2f43PA68X5RxKobEy,26645632,Shreya Ghoshal,84
1qto4hHid1P71emI6Fd8xi,https://open.spotify.com/artist/1qto4hHid1P71emI6Fd8xi,8901925,Aventura,82
57vWImR43h4CaDao012Ofp,https://open.spotify.com/artist/57vWImR43h4CaDao012Ofp,5193858,Steve Lacy,83
7FBcuc1gsnv6Y1nwFtNRCb,https://open.spotify.com/artist/7FBcuc1gsnv6Y1nwFtNRCb,8986309,My Chemical Romance,80
4Uc8Dsxct0oMqx0P6i60ea,https://open.spotify.com/artist/4Uc8Dsxct0oMqx0P6i60ea,10264736,Conan Gray,80
7gOdHgIoIKoe4i9Tta6qdD,https://open.spotify.com/artist/7gOdHgIoIKoe4i9Tta6qdD,7665423,Jonas Brothers,76
3ipn9JLAPI5GUEo4y4jcoi,https://open.spotify.com/artist/3ipn9JLAPI5GUEo4y4jcoi,3114898,Ludacris,79
2RQXRUsr4IW1f3mKyKsy4B,https://open.spotify.com/artist/2RQXRUsr4IW1f3mKyKsy4B,3480197,Noah Kahan,87
12Chz98pHFMPJEknJQMWvI,https://open.spotify.com/artist/12Chz98pHFMPJEknJQMWvI,7981502,Muse,77
5CCwRZC6euC8Odo6y9X8jr,https://open.spotify.com/artist/5CCwRZC6euC8Odo6y9X8jr,8388064,Rita Ora,73
7gZfnEnfiaHzxARJ2LeXrf,https://open.spotify.com/artist/7gZfnEnfiaHzxARJ2LeXrf,6860939,6ix9ine,73
1GDbiv3spRmZ1XdM1jQbT7,https://open.spotify.com/artist/1GDbiv3spRmZ1XdM1jQbT7,10338601,NATTI NATASHA,74
2DlGxzQSjYe5N6G9nkYghR,https://open.spotify.com/artist/2DlGxzQSjYe5N6G9nkYghR,13284791,Jennifer Lopez,77
3tVQdUvClmAT7URs9V3rsp,https://open.spotify.com/artist/3tVQdUvClmAT7URs9V3rsp,6185214,Wizkid,79
1Hsdzj7Dlq2I7tHP7501T4,https://open.spotify.com/artist/1Hsdzj7Dlq2I7tHP7501T4,9952375,Niall Horan,76
6deZN1bslXzeGvOLaLMOIF,https://open.spotify.com/artist/6deZN1bslXzeGvOLaLMOIF,7116317,Nickelback,80
3GBPw9NK25X1Wt2OUvOwY3,https://open.spotify.com/artist/3GBPw9NK25X1Wt2OUvOwY3,3894922,Jack Johnson,77
1aS5tqEs9ci5P9KD9tZWa6,https://open.spotify.com/artist/1aS5tqEs9ci5P9KD9tZWa6,2265703,Bonez MC,76
4IVAbR2w4JJNJDDRFP3E83,https://open.spotify.com/artist/4IVAbR2w4JJNJDDRFP3E83,4753181,6LACK,74
4bL2B6hmLlMWnUEZnorEtG,https://open.spotify.com/artist/4bL2B6hmLlMWnUEZnorEtG,1286266,Felix Jaehn,75
1moxjboGR7GNWYIMWsRjgG,https://open.spotify.com/artist/1moxjboGR7GNWYIMWsRjgG,6873028,Florence + The Machine,78
7iZtZyCzp3LItcw1wtPI3D,https://open.spotify.com/artist/7iZtZyCzp3LItcw1wtPI3D,7497293,Rae Sremmurd,72
4yvcSjfu4PC0CYQyLy4wSq,https://open.spotify.com/artist/4yvcSjfu4PC0CYQyLy4wSq,4310236,Glass Animals,78
23TFHmajVfBtlRx5MXqgoz,https://open.spotify.com/artist/23TFHmajVfBtlRx5MXqgoz,6580621,Sfera Ebbasta,79
4OBJLual30L7gRl5UkeRcT,https://open.spotify.com/artist/4OBJLual30L7gRl5UkeRcT,4865142,T.I.,76
7okwEbXzyT2VffBmyQBWLz,https://open.spotify.com/artist/7okwEbXzyT2VffBmyQBWLz,11771523,Maná,79
6U3ybJ9UHNKEdsH7ktGBZ7,https://open.spotify.com/artist/6U3ybJ9UHNKEdsH7ktGBZ7,1897090,JID,78
3eqjTLE0HfPfh78zjh6TqT,https://open.spotify.com/artist/3eqjTLE0HfPfh78zjh6TqT,6590702,Bruce Springsteen,79
6XpaIBNiVzIetEPCWDvAFP,https://open.spotify.com/artist/6XpaIBNiVzIetEPCWDvAFP,10531722,Whitney Houston,78
3qiHUAX7zY4Qnjx8TNUzVx,https://open.spotify.com/artist/3qiHUAX7zY4Qnjx8TNUzVx,5403236,Yeat,84
5gCRApTajqwbnHHPbr2Fpi,https://open.spotify.com/artist/5gCRApTajqwbnHHPbr2Fpi,3220667,Juicy J,75
7f5Zgnp2spUuuzKplmRkt7,https://open.spotify.com/artist/7f5Zgnp2spUuuzKplmRkt7,2916595,Lost Frequencies,81
47mIJdHORyRerp4os813jD,https://open.spotify.com/artist/47mIJdHORyRerp4os813jD,1907571,League of Legends,78
3wcj11K77LjEY1PkEazffa,https://open.spotify.com/artist/3wcj11K77LjEY1PkEazffa,10392634,Burna Boy,81
0p4nmQO2msCgU4IF37Wi3j,https://open.spotify.com/artist/0p4nmQO2msCgU4IF37Wi3j,11328870,Avril Lavigne,78
07PdYoE4jVRF6Ut40GgVSP,https://open.spotify.com/artist/07PdYoE4jVRF6Ut40GgVSP,17247965,Cartel De Santa,78
4bw2Am3p9ji3mYsXNXtQcd,https://open.spotify.com/artist/4bw2Am3p9ji3mYsXNXtQcd,9166911,Piso 21,76
2qk9voo8llSGYcZ6xrBzKx,https://open.spotify.com/artist/2qk9voo8llSGYcZ6xrBzKx,5484695,Kings of Leon,77
3Sz7ZnJQBIHsXLUSo0OQtM,https://open.spotify.com/artist/3Sz7ZnJQBIHsXLUSo0OQtM,6558985,Mac DeMarco,82
4ScCswdRlyA23odg9thgIO,https://open.spotify.com/artist/4ScCswdRlyA23odg9thgIO,3070873,Jess Glynne,74
4fxd5Ee7UefO4CUXgwJ7IP,https://open.spotify.com/artist/4fxd5Ee7UefO4CUXgwJ7IP,4125906,Giveon,78
7guDJrEfX3qb6FEbdPA5qi,https://open.spotify.com/artist/7guDJrEfX3qb6FEbdPA5qi,6627948,Stevie Wonder,76
3MHaV05u0io8fQbZ2XPtlC,https://open.spotify.com/artist/3MHaV05u0io8fQbZ2XPtlC,8013341,Prince Royce,77
6zFYqv1mOsgBRQbae3JJ9e,https://open.spotify.com/artist/6zFYqv1mOsgBRQbae3JJ9e,6348033,Billy Joel,79
0Dvx6p8JDyzeOPGmaCIH1L,https://open.spotify.com/artist/0Dvx6p8JDyzeOPGmaCIH1L,1777772,RAF Camora,74
0ErzCpIMyLcjPiwT4elrtZ,https://open.spotify.com/artist/0ErzCpIMyLcjPiwT4elrtZ,8721185,NLE Choppa,80
5Y5TRrQiqgUO4S36tzjIRZ,https://open.spotify.com/artist/5Y5TRrQiqgUO4S36tzjIRZ,2984023,Timbaland,79
6PXS4YHDkKvl1wkIl4V8DL,https://open.spotify.com/artist/6PXS4YHDkKvl1wkIl4V8DL,4721052,Fetty Wap,71
6sq1yF0OZEWA4xoXVKW1L9,https://open.spotify.com/artist/6sq1yF0OZEWA4xoXVKW1L9,7808623,Alejandro Fernández,77
4AVFqumd2ogHFlRbKIjp1t,https://open.spotify.com/artist/4AVFqumd2ogHFlRbKIjp1t,3938769,Alesso,77
7vXDAI8JwjW531ouMGbfcp,https://open.spotify.com/artist/7vXDAI8JwjW531ouMGbfcp,8419958,TINI,80
2oQX8QiMXOyuqbcZEFsZfm,https://open.spotify.com/artist/2oQX8QiMXOyuqbcZEFsZfm,3686799,El Alfa,79
10exVja0key0uqUkk6LJRT,https://open.spotify.com/artist/10exVja0key0uqUkk6LJRT,3178913,Vance Joy,77
5H1nN1SzW0qNeUEZvuXjAj,https://open.spotify.com/artist/5H1nN1SzW0qNeUEZvuXjAj,5607362,Danny Ocean,78
3BmGtnKgCSGYIUhmivXKWX,https://open.spotify.com/artist/3BmGtnKgCSGYIUhmivXKWX,10604408,Kelly Clarkson,74
5H4yInM5zmHqpKIoMNAx4r,https://open.spotify.com/artist/5H4yInM5zmHqpKIoMNAx4r,6729078,Central Cee,83
3AQRLZ9PuTAozP28Skbq8V,https://open.spotify.com/artist/3AQRLZ9PuTAozP28Skbq8V,8230075,The Script,78
5IcR3N7QB1j6KBL8eImZ8m,https://open.spotify.com/artist/5IcR3N7QB1j6KBL8eImZ8m,4800181,ScHoolboy Q,75
7Ey4PD4MYsKc5I2dolUwbH,https://open.spotify.com/artist/7Ey4PD4MYsKc5I2dolUwbH,14705334,Aerosmith,77
6nS5roXSAGhTGr34W6n7Et,https://open.spotify.com/artist/6nS5roXSAGhTGr34W6n7Et,2246933,Disclosure,77
0bdfiayQAKewqEvaU6rXCv,https://open.spotify.com/artist/0bdfiayQAKewqEvaU6rXCv,1457751,MØ,72
77AiFEVeAVj2ORpC85QVJs,https://open.spotify.com/artist/77AiFEVeAVj2ORpC85QVJs,3783368,Steve Aoki,73
3oSJ7TBVCWMDMiYjXNiCKE,https://open.spotify.com/artist/3oSJ7TBVCWMDMiYjXNiCKE,5541040,Kane Brown,77
0YC192cP3KPCRWx8zr8MfZ,https://open.spotify.com/artist/0YC192cP3KPCRWx8zr8MfZ,4176405,Hans Zimmer,79
59jlthNnbmim5l9tmNA7se,https://open.spotify.com/artist/59jlthNnbmim5l9tmNA7se,13811313,Maiara & Maraisa,78
3gd8FJtBJtkRxdfbTu19U2,https://open.spotify.com/artist/3gd8FJtBJtkRxdfbTu19U2,6445972,Mumford & Sons,73
1Oa0bMld0A3u5OTYfMzp5h,https://open.spotify.com/artist/1Oa0bMld0A3u5OTYfMzp5h,1745491,Nate Dogg,78
1gPhS1zisyXr5dHTYZyiMe,https://open.spotify.com/artist/1gPhS1zisyXr5dHTYZyiMe,6260318,Kevin Gates,73
4GvEc3ANtPPjt1ZJllr5Zl,https://open.spotify.com/artist/4GvEc3ANtPPjt1ZJllr5Zl,5462441,Bazzi,71
5LfGQac0EIXyAN8aUwmNAQ,https://open.spotify.com/artist/5LfGQac0EIXyAN8aUwmNAQ,5864849,The Offspring,79
5t28BP42x2axFnqOOMg3CM,https://open.spotify.com/artist/5t28BP42x2axFnqOOMg3CM,6530051,Five Finger Death Punch,75
4jogXSSvlyMkODGSZ2wc2P,https://open.spotify.com/artist/4jogXSSvlyMkODGSZ2wc2P,11604460,Calibre 50,76
7nqOGRxlXj7N2JYbgNEjYH,https://open.spotify.com/artist/7nqOGRxlXj7N2JYbgNEjYH,12310287,SEVENTEEN,82
1QAJqy2dA3ihHBFIHRphZj,https://open.spotify.com/artist/1QAJqy2dA3ihHBFIHRphZj,13092254,Cigarettes After Sex,86
7pbDxGE6nQSZVfiFdq9lOL,https://open.spotify.com/artist/7pbDxGE6nQSZVfiFdq9lOL,6224808,Rex Orange County,76
3Y7RZ31TRPVadSFVy1o8os,https://open.spotify.com/artist/3Y7RZ31TRPVadSFVy1o8os,7912533,H.E.R.,77
5rSXSAkZ67PYJSvpUpkOr7,https://open.spotify.com/artist/5rSXSAkZ67PYJSvpUpkOr7,5935327,Backstreet Boys,78
5p7f24Rk5HkUZsaS3BLG5F,https://open.spotify.com/artist/5p7f24Rk5HkUZsaS3BLG5F,8818304,Hailee Steinfeld,68
2jSGzJw0ebJLu7OLVSOcBP,https://open.spotify.com/artist/2jSGzJw0ebJLu7OLVSOcBP,5075875,Plan B,81
6Q192DXotxtaysaqNPy5yR,https://open.spotify.com/artist/6Q192DXotxtaysaqNPy5yR,9165165,Amy Winehouse,80
00XhexlJEXQstHimpZN910,https://open.spotify.com/artist/00XhexlJEXQstHimpZN910,6948008,Brytiago,76
6kACVPfCOnqzgfEF5ryl0x,https://open.spotify.com/artist/6kACVPfCOnqzgfEF5ryl0x,6454649,Johnny Cash,76
5BcAKTbp20cv7tC5VqPFoC,https://open.spotify.com/artist/5BcAKTbp20cv7tC5VqPFoC,2582771,Macklemore & Ryan Lewis,74
2cPqdH7XMvwaBJEVjheH8g,https://open.spotify.com/artist/2cPqdH7XMvwaBJEVjheH8g,4390986,Jay Wheeler,80
5KKpBU5eC2tJDzf0wmlRp2,https://open.spotify.com/artist/5KKpBU5eC2tJDzf0wmlRp2,1705780,RAYE,79
0epOFNiUfyON9EYx7Tpr6V,https://open.spotify.com/artist/0epOFNiUfyON9EYx7Tpr6V,5920525,The Strokes,78
64aJYyrXljOodnUG6jvhRD,https://open.spotify.com/artist/64aJYyrXljOodnUG6jvhRD,2203269,DJ Luian,77
0ECwFtbIWEVNwjlrfc6xoL,https://open.spotify.com/artist/0ECwFtbIWEVNwjlrfc6xoL,11070994,Eagles,77
2rhFzFmezpnW82MNqEKVry,https://open.spotify.com/artist/2rhFzFmezpnW82MNqEKVry,5937108,Ski Mask The Slump God,74
0h1zs4CTlU9D2QtgPxptUD,https://open.spotify.com/artist/0h1zs4CTlU9D2QtgPxptUD,13229525,Ricardo Arjona,77
56oDRnqbIiwx4mymNEv7dS,https://open.spotify.com/artist/56oDRnqbIiwx4mymNEv7dS,5717101,Lizzo,70
3TOqt5oJwL9BE2NG9MEwDa,https://open.spotify.com/artist/3TOqt5oJwL9BE2NG9MEwDa,6920558,Disturbed,78
2TI7qyDE0QfyOlnbtfDo7L,https://open.spotify.com/artist/2TI7qyDE0QfyOlnbtfDo7L,2022092,Dave Matthews Band,64
1AL2GKpmRrKXkYIcASuRFa,https://open.spotify.com/artist/1AL2GKpmRrKXkYIcASuRFa,11660640,Wesley Safadão,75
4myTppRgh0rojLxx8RycOp,https://open.spotify.com/artist/4myTppRgh0rojLxx8RycOp,47894,Ryan Lewis,68
5sUrlPAHlS9NEirDB8SEbF,https://open.spotify.com/artist/5sUrlPAHlS9NEirDB8SEbF,7638926,Alejandro Sanz,76
1cNDP5yjU5vjeR8qMf4grg,https://open.spotify.com/artist/1cNDP5yjU5vjeR8qMf4grg,11021701,YNW Melly,74
6x2LnllRG5uGarZMsD4iO8,https://open.spotify.com/artist/6x2LnllRG5uGarZMsD4iO8,4760941,Thomas Rhett,75
5xYNmNkaWRqu3e5F4UXME8,https://open.spotify.com/artist/5xYNmNkaWRqu3e5F4UXME8,9191025,Alfredo Olivas,81
4m6ubhNsdwF4psNf3R8kwR,https://open.spotify.com/artist/4m6ubhNsdwF4psNf3R8kwR,5759823,KHEA,78
3l0CmX0FuQjFxr8SK7Vqag,https://open.spotify.com/artist/3l0CmX0FuQjFxr8SK7Vqag,5385690,Clairo,82
7cYEt1pqMgXJdq00hAwVpT,https://open.spotify.com/artist/7cYEt1pqMgXJdq00hAwVpT,8281748,Chase Atlantic,83
1Yj5Xey7kTwvZla8sqdsdE,https://open.spotify.com/artist/1Yj5Xey7kTwvZla8sqdsdE,4022545,Cris Mj,88
2gBjLmx6zQnFGQJCAQpRgw,https://open.spotify.com/artist/2gBjLmx6zQnFGQJCAQpRgw,3071677,Nelly,76
4LEiUm1SRbFMgfqnQTwUbQ,https://open.spotify.com/artist/4LEiUm1SRbFMgfqnQTwUbQ,3705553,Bon Iver,80
6ydoSd3N2mwgwBHtF6K7eX,https://open.spotify.com/artist/6ydoSd3N2mwgwBHtF6K7eX,5732212,Calum Scott,77
45TgXXqMDdF8BkjA83OM7z,https://open.spotify.com/artist/45TgXXqMDdF8BkjA83OM7z,7930081,Rod Wave,82
0nmQIMXWTXfhgOBdNzhGOs,https://open.spotify.com/artist/0nmQIMXWTXfhgOBdNzhGOs,8943126,Avenged Sevenfold,78
0XeEobZplHxzM9QzFQWLiR,https://open.spotify.com/artist/0XeEobZplHxzM9QzFQWLiR,5859828,Eslabon Armado,79
0UWZUmn7sybxMCqrw9tGa7,https://open.spotify.com/artist/0UWZUmn7sybxMCqrw9tGa7,4938506,Juanes,77
3hv9jJF3adDNsBSIQDqcjp,https://open.spotify.com/artist/3hv9jJF3adDNsBSIQDqcjp,1128863,Mark Ronson,77
4phGZZrJZRo4ElhRtViYdl,https://open.spotify.com/artist/4phGZZrJZRo4ElhRtViYdl,7244248,Jason Mraz,73
1w5Kfo2jwwIPruYS2UWh56,https://open.spotify.com/artist/1w5Kfo2jwwIPruYS2UWh56,9095472,Pearl Jam,76
2UZIAOlrnyZmyzt1nuXr9y,https://open.spotify.com/artist/2UZIAOlrnyZmyzt1nuXr9y,7664558,Nicki Nicole,80
6ASri4ePR7RlsvIQgWPJpS,https://open.spotify.com/artist/6ASri4ePR7RlsvIQgWPJpS,1863841,iann dior,72
2xiIXseIJcq3nG7C8fHeBj,https://open.spotify.com/artist/2xiIXseIJcq3nG7C8fHeBj,6356174,Three Days Grace,78
4sTQVOfp9vEMCemLw50sbu,https://open.spotify.com/artist/4sTQVOfp9vEMCemLw50sbu,3386504,Galantis,71
7FsRH5bw8iWpSbMX1G7xf1,https://open.spotify.com/artist/7FsRH5bw8iWpSbMX1G7xf1,10606949,Joan Sebastian,79
2T1aUibqR2QC2sINIDQOAK,https://open.spotify.com/artist/2T1aUibqR2QC2sINIDQOAK,386968,Mambo Kingz,77
3tJoFztHeIJkJWMrx0td2f,https://open.spotify.com/artist/3tJoFztHeIJkJWMrx0td2f,4711510,Moneybagg Yo,77
5bSfBBCxY8QAk4Pifveisz,https://open.spotify.com/artist/5bSfBBCxY8QAk4Pifveisz,7406083,La Arrolladora Banda El Limón De Rene Camacho,82
0ZCO8oVkMj897cKgFH7fRW,https://open.spotify.com/artist/0ZCO8oVkMj897cKgFH7fRW,7790848,Los Ángeles Azules,79
4WZGDpNwrC0vNQyl9QzF7d,https://open.spotify.com/artist/4WZGDpNwrC0vNQyl9QzF7d,4306440,Capital Bra,69
6cEuCEZu7PAE9ZSzLLc2oQ,https://open.spotify.com/artist/6cEuCEZu7PAE9ZSzLLc2oQ,2552039,R3HAB,75
5IH6FPUwQTxPSXurCrcIov,https://open.spotify.com/artist/5IH6FPUwQTxPSXurCrcIov,5257808,Alec Benjamin,76
4PPoI9LuYeFX8V674Z1R6l,https://open.spotify.com/artist/4PPoI9LuYeFX8V674Z1R6l,11212161,Vicente Fernández,79
4lxfqrEsLX6N1N4OCSkILp,https://open.spotify.com/artist/4lxfqrEsLX6N1N4OCSkILp,6195010,Phil Collins,78
0YinUQ50QDB7ZxSCLyQ40k,https://open.spotify.com/artist/0YinUQ50QDB7ZxSCLyQ40k,1360520,Mustard,74
3QSQFmccmX81fWCUSPTS7y,https://open.spotify.com/artist/3QSQFmccmX81fWCUSPTS7y,3353350,Dean Lewis,77
7DMveApC7UnC2NPfPvlHSU,https://open.spotify.com/artist/7DMveApC7UnC2NPfPvlHSU,2107951,Cheat Codes,67
1LZEQNv7sE11VDY3SdxQeN,https://open.spotify.com/artist/1LZEQNv7sE11VDY3SdxQeN,8237222,Bee Gees,79
3FfvYsEGaIb52QPXhg4DcH,https://open.spotify.com/artist/3FfvYsEGaIb52QPXhg4DcH,6593969,Jason Aldean,75
1l8Fu6IkuTP0U5QetQJ5Xt,https://open.spotify.com/artist/1l8Fu6IkuTP0U5QetQJ5Xt,16210487,Fifth Harmony,70
2iojnBLj0qIMiKPvVhLnsH,https://open.spotify.com/artist/2iojnBLj0qIMiKPvVhLnsH,7483224,Trey Songz,71
3RtNN1VnooWEn3KQk03DUL,https://open.spotify.com/artist/3RtNN1VnooWEn3KQk03DUL,7967107,Noriel,78
5NGO30tJxFlKixkPSgXcFE,https://open.spotify.com/artist/5NGO30tJxFlKixkPSgXcFE,6435940,The Police,78
5Y3MV9DZ0d87NnVm56qSY1,https://open.spotify.com/artist/5Y3MV9DZ0d87NnVm56qSY1,5379759,Tiago PZK,81
0WwSkZ7LtFUFjGjMZBMt6T,https://open.spotify.com/artist/0WwSkZ7LtFUFjGjMZBMt6T,7868115,Dire Straits,78
3Z02hBLubJxuFJfhacLSDc,https://open.spotify.com/artist/3Z02hBLubJxuFJfhacLSDc,3888480,Bryan Adams,77
4S9EykWXhStSc15wEx8QFK,https://open.spotify.com/artist/4S9EykWXhStSc15wEx8QFK,8922113,Céline Dion,77
2ysnwxxNtSgbb9t1m2Ur4j,https://open.spotify.com/artist/2ysnwxxNtSgbb9t1m2Ur4j,4237584,George Ezra,75
5hdhHgpxyniooUiQVaPxQ0,https://open.spotify.com/artist/5hdhHgpxyniooUiQVaPxQ0,5330923,Nio Garcia,71
0SCbttzoZTnLFebDYmAWCm,https://open.spotify.com/artist/0SCbttzoZTnLFebDYmAWCm,1517624,Glee Cast,70
6HvZYsbFfjnjFrWF950C9d,https://open.spotify.com/artist/6HvZYsbFfjnjFrWF950C9d,9305978,NewJeans,82
3FUY2gzHeIiaesXtOAdB7A,https://open.spotify.com/artist/3FUY2gzHeIiaesXtOAdB7A,4328662,Train,76
2CKOmarVWvWqkNWUatHCex,https://open.spotify.com/artist/2CKOmarVWvWqkNWUatHCex,7432864,Ana Castela,81
1mYsTxnqsietFxj1OgoGbG,https://open.spotify.com/artist/1mYsTxnqsietFxj1OgoGbG,54058366,A.R. Rahman,81
49tQo2QULno7gxHutgccqF,https://open.spotify.com/artist/49tQo2QULno7gxHutgccqF,6119285,LANY,79
21WS9wngs9AqFckK7yYJPM,https://open.spotify.com/artist/21WS9wngs9AqFckK7yYJPM,4172959,PnB Rock,70
3UUJfRbrA2nTbcg4i0MOwu,https://open.spotify.com/artist/3UUJfRbrA2nTbcg4i0MOwu,461531,Original Broadway Cast of Hamilton,75
5M9Bb4adKAgrOFOhc05Y50,https://open.spotify.com/artist/5M9Bb4adKAgrOFOhc05Y50,5165532,Pablo Alborán,75
0Y8KmFkKOgJybpVobn1onU,https://open.spotify.com/artist/0Y8KmFkKOgJybpVobn1onU,1002811,Luciano Pavarotti,64
1bfl0AU8SqmLkElptOprhC,https://open.spotify.com/artist/1bfl0AU8SqmLkElptOprhC,6744344,Julión Álvarez y su Norteño Banda,84
0SwO7SWeDHJijQ3XNS7xEE,https://open.spotify.com/artist/0SwO7SWeDHJijQ3XNS7xEE,3218717,MGMT,75
3yY2gUcIsjMr8hjo51PoJ8,https://open.spotify.com/artist/3yY2gUcIsjMr8hjo51PoJ8,6455937,The Smiths,80
1oSPZhvZMIrWW5I41kPkkY,https://open.spotify.com/artist/1oSPZhvZMIrWW5I41kPkkY,9705811,Jimin,89
2txHhyCwHjUEpJjWrEyqyX,https://open.spotify.com/artist/2txHhyCwHjUEpJjWrEyqyX,4005881,Tom Odell,80
2jw70GZXlAI8QzWeY2bgRc,https://open.spotify.com/artist/2jw70GZXlAI8QzWeY2bgRc,4063717,Nelly Furtado,78
5ndkK3dpZLKtBklKjxNQwT,https://open.spotify.com/artist/5ndkK3dpZLKtBklKjxNQwT,2096391,B.o.B,75
7d3WFRME3vBY2cgoP38RDo,https://open.spotify.com/artist/7d3WFRME3vBY2cgoP38RDo,5084791,Lil Skies,68
6Sbl0NT50roqWvy746MfVf,https://open.spotify.com/artist/6Sbl0NT50roqWvy746MfVf,3663974,Gabito Ballesteros,84
2x8vG4f0HYXzMEo3xNsoiI,https://open.spotify.com/artist/2x8vG4f0HYXzMEo3xNsoiI,471331,Bibi und Tina,78
4EzkuveR9pLvDVFNx6foYD,https://open.spotify.com/artist/4EzkuveR9pLvDVFNx6foYD,4033139,James Bay,72
3qvcCP2J0fWi0m0uQDUf6r,https://open.spotify.com/artist/3qvcCP2J0fWi0m0uQDUf6r,8138420,Luan Santana,78
1mX1TWKpNxDSAH16LgDfiR,https://open.spotify.com/artist/1mX1TWKpNxDSAH16LgDfiR,9090648,Jesse & Joy,76
7slfeZO9LsJbWgpkIoXBUJ,https://open.spotify.com/artist/7slfeZO9LsJbWgpkIoXBUJ,7642166,Ricky Martin,73
1G9G7WwrXka3Z1r7aIDjI7,https://open.spotify.com/artist/1G9G7WwrXka3Z1r7aIDjI7,2865465,Outkast,77
3NPpFNZtSTHheNBaWC82rB,https://open.spotify.com/artist/3NPpFNZtSTHheNBaWC82rB,3033821,X Ambassadors,73
4EPJlUEBy49EX1wuFOvtjK,https://open.spotify.com/artist/4EPJlUEBy49EX1wuFOvtjK,862316,Becky Hill,74
0xRXCcSX89eobfrshSVdyu,https://open.spotify.com/artist/0xRXCcSX89eobfrshSVdyu,825633,MEDUZA,76
5CiGnKThu5ctn9pBxv7DGa,https://open.spotify.com/artist/5CiGnKThu5ctn9pBxv7DGa,1211599,benny blanco,74
47MpMsUfWtgyIIBEFOr4FE,https://open.spotify.com/artist/47MpMsUfWtgyIIBEFOr4FE,9666190,Lunay,72
7bu3H8JO7d0UbMoVzbo70s,https://open.spotify.com/artist/7bu3H8JO7d0UbMoVzbo70s,5808561,The Cure,78
75i9GaW2MJUgt4BkdUnuUY,https://open.spotify.com/artist/75i9GaW2MJUgt4BkdUnuUY,6206669,MC Ryan SP,84
6nxWCVXbOlEVRexSbLsTer,https://open.spotify.com/artist/6nxWCVXbOlEVRexSbLsTer,2463340,Flume,72
3RNrq3jvMZxD9ZyoOZbQOD,https://open.spotify.com/artist/3RNrq3jvMZxD9ZyoOZbQOD,8110197,Korn,78
6fWVd57NKTalqvmjRd2t8Z,https://open.spotify.com/artist/6fWVd57NKTalqvmjRd2t8Z,2244880,24kGoldn,71
4aXXDj9aZnlshx7mzj3W1N,https://open.spotify.com/artist/4aXXDj9aZnlshx7mzj3W1N,693559,Lin-Manuel Miranda,74
0ghlgldX5Dd6720Q3qFyQB,https://open.spotify.com/artist/0ghlgldX5Dd6720Q3qFyQB,10616319,TOMORROW X TOGETHER,78
5dHt1vcEm9qb8fCyLcB3HL,https://open.spotify.com/artist/5dHt1vcEm9qb8fCyLcB3HL,3908561,A$AP Ferg,73
6s22t5Y3prQHyaHWUN1R1C,https://open.spotify.com/artist/6s22t5Y3prQHyaHWUN1R1C,3469028,AJR,73
7z5WFjZAIYejWy0NI5lv4T,https://open.spotify.com/artist/7z5WFjZAIYejWy0NI5lv4T,3187224,Dan + Shay,70
2NjfBq1NflQcKSeiDooVjY,https://open.spotify.com/artist/2NjfBq1NflQcKSeiDooVjY,2955096,Tones And I,70
2MRBDr0crHWE5JwPceFncq,https://open.spotify.com/artist/2MRBDr0crHWE5JwPceFncq,9115000,Juan Gabriel,77
26T3LtbuGT1Fu9m0eRq5X3,https://open.spotify.com/artist/26T3LtbuGT1Fu9m0eRq5X3,3890227,Cage The Elephant,76
4Q6nIcaBED8qUel8bBx6Cr,https://open.spotify.com/artist/4Q6nIcaBED8qUel8bBx6Cr,1200267,Jax Jones,73
3wyVrVrFCkukjdVIdirGVY,https://open.spotify.com/artist/3wyVrVrFCkukjdVIdirGVY,7637483,Lil Pump,65
6Dd3NScHWwnW6obMFbl1BH,https://open.spotify.com/artist/6Dd3NScHWwnW6obMFbl1BH,1676102,Daya,72
0SfsnGyD8FpIN4U4WCkBZ5,https://open.spotify.com/artist/0SfsnGyD8FpIN4U4WCkBZ5,4419697,Armin van Buuren,76
6Ghvu1VvMGScGpOUJBAHNH,https://open.spotify.com/artist/6Ghvu1VvMGScGpOUJBAHNH,6091412,Deftones,81
085pc2PYOi8bGKj0PNjekA,https://open.spotify.com/artist/085pc2PYOi8bGKj0PNjekA,4217901,will.i.am,75
15iVAtD3s3FsQR4w1v6M0P,https://open.spotify.com/artist/15iVAtD3s3FsQR4w1v6M0P,5216830,Chief Keef,78
5SXuuuRpukkTvsLuUknva1,https://open.spotify.com/artist/5SXuuuRpukkTvsLuUknva1,2595644,Baby Keem,78
1gW6pz5n1aK249L0GvfQCC,https://open.spotify.com/artist/1gW6pz5n1aK249L0GvfQCC,4877236,Grupo Marca Registrada,80
2UwqpfQtNuhBwviIC0f2ie,https://open.spotify.com/artist/2UwqpfQtNuhBwviIC0f2ie,5176215,Damso,74
2gsggkzM5R49q6jpPvazou,https://open.spotify.com/artist/2gsggkzM5R49q6jpPvazou,11771832,Jessie J,73
7An4yvF7hDYDolN4m5zKBp,https://open.spotify.com/artist/7An4yvF7hDYDolN4m5zKBp,9097670,Soda Stereo,76
4D75GcNG95ebPtNvoNVXhz,https://open.spotify.com/artist/4D75GcNG95ebPtNvoNVXhz,3933970,AFROJACK,74
0Y6dVaC9DZtPNH4591M42W,https://open.spotify.com/artist/0Y6dVaC9DZtPNH4591M42W,8200385,TV Girl,84
3koiLjNrgRTNbOwViDipeA,https://open.spotify.com/artist/3koiLjNrgRTNbOwViDipeA,5493635,Marvin Gaye,76
7gP3bB2nilZXLfPHJhMdvc,https://open.spotify.com/artist/7gP3bB2nilZXLfPHJhMdvc,3854320,Foster The People,75
4vhNDa5ycK0ST968ek7kRr,https://open.spotify.com/artist/4vhNDa5ycK0ST968ek7kRr,6283499,Carlos Vives,75
5zctI4wO9XSKS8XwcnqEHk,https://open.spotify.com/artist/5zctI4wO9XSKS8XwcnqEHk,5612757,Lil Mosey,69
0rvjqX7ttXeg3mTy8Xscbt,https://open.spotify.com/artist/0rvjqX7ttXeg3mTy8Xscbt,5759525,Journey,77
25u4wHJWxCA9vO0CzxAbK7,https://open.spotify.com/artist/25u4wHJWxCA9vO0CzxAbK7,2329684,Lukas Graham,71
6w3SkAHYPsQ1bxV7VDlG5y,https://open.spotify.com/artist/6w3SkAHYPsQ1bxV7VDlG5y,7264707,Cazzu,75
3dRfiJ2650SZu6GbydcHNb,https://open.spotify.com/artist/3dRfiJ2650SZu6GbydcHNb,1450487,John Williams,72
0gadJ2b9A4SKsB1RFkBb66,https://open.spotify.com/artist/0gadJ2b9A4SKsB1RFkBb66,3400333,Passenger,72
2SrSdSvpminqmStGELCSNd,https://open.spotify.com/artist/2SrSdSvpminqmStGELCSNd,2994147,Stormzy,74
6WY7D3jk8zTrHtmkqqo5GI,https://open.spotify.com/artist/6WY7D3jk8zTrHtmkqqo5GI,828567,Maren Morris,71
4yiQZ8tQPux8cPriYMWUFP,https://open.spotify.com/artist/4yiQZ8tQPux8cPriYMWUFP,6640671,Gwen Stefani,75
762310PdDnwsDxAQxzQkfX,https://open.spotify.com/artist/762310PdDnwsDxAQxzQkfX,6632999,Depeche Mode,75
2hejA1Dkf8v8R0koF44FvW,https://open.spotify.com/artist/2hejA1Dkf8v8R0koF44FvW,5239986,Gera MX,77
2kRfqPViCqYdSGhYSM9R0Q,https://open.spotify.com/artist/2kRfqPViCqYdSGhYSM9R0Q,7138402,Madison Beer,75
1h6Cn3P4NGzXbaXidqURXs,https://open.spotify.com/artist/1h6Cn3P4NGzXbaXidqURXs,3846291,Swedish House Mafia,77
5yG7ZAZafVaAlMTeBybKAL,https://open.spotify.com/artist/5yG7ZAZafVaAlMTeBybKAL,6629479,Iggy Azalea,70
4tm8CEdm4pkQsEh4jIr9Yp,https://open.spotify.com/artist/4tm8CEdm4pkQsEh4jIr9Yp,9478747,Santa Fe Klan,76
20gsENnposVs2I4rQ5kvrf,https://open.spotify.com/artist/20gsENnposVs2I4rQ5kvrf,781713,Sam Feldt,70
20qISvAhX20dpIbOOzGK3q,https://open.spotify.com/artist/20qISvAhX20dpIbOOzGK3q,3926855,Nas,74
49bzE5vRBRIota4qeHtQM8,https://open.spotify.com/artist/49bzE5vRBRIota4qeHtQM8,5317389,Skillet,76
74ASZWbe4lXaubB36ztrGX,https://open.spotify.com/artist/74ASZWbe4lXaubB36ztrGX,6642943,Bob Dylan,74
6yJCxee7QumYr820xdIsjo,https://open.spotify.com/artist/6yJCxee7QumYr820xdIsjo,3930382,Zac Brown Band,73
4PULA4EFzYTrxYvOVlwpiQ,https://open.spotify.com/artist/4PULA4EFzYTrxYvOVlwpiQ,36348538,Sidhu Moose Wala,78
3YbOSxo85kla7RID8ugnW3,https://open.spotify.com/artist/3YbOSxo85kla7RID8ugnW3,5512067,Los Temerarios,80
4STHEaNw4mPZ2tzheohgXB,https://open.spotify.com/artist/4STHEaNw4mPZ2tzheohgXB,4922061,Paul McCartney,73
4J13m9IZh03PEhoxAxRhXO,https://open.spotify.com/artist/4J13m9IZh03PEhoxAxRhXO,7962810,Gerardo Ortiz,74
1pPmIToKXyGdsCF6LmqLmI,https://open.spotify.com/artist/1pPmIToKXyGdsCF6LmqLmI,3387374,Rich The Kid,69
5iNrZmtVMtYev5M9yoWpEq,https://open.spotify.com/artist/5iNrZmtVMtYev5M9yoWpEq,363033,Seeb,68
3hYtANQYrE6pd2PbtEyTIy,https://open.spotify.com/artist/3hYtANQYrE6pd2PbtEyTIy,6203473,Los Tigres Del Norte,78
1UTPBmNbXNTittyMJrNkvw,https://open.spotify.com/artist/1UTPBmNbXNTittyMJrNkvw,7263439,Blake Shelton,73
6KZDXtSj0SzGOV705nNeh3,https://open.spotify.com/artist/6KZDXtSj0SzGOV705nNeh3,2978692,Kid Ink,67
45eNHdiiabvmbp4erw26rg,https://open.spotify.com/artist/45eNHdiiabvmbp4erw26rg,1537890,ILLENIUM,72
3jOstUTkEu2JkjvRdBA5Gu,https://open.spotify.com/artist/3jOstUTkEu2JkjvRdBA5Gu,3870247,Weezer,76
6mdiAmATAx73kdxrNrnlao,https://open.spotify.com/artist/6mdiAmATAx73kdxrNrnlao,9371247,Iron Maiden,75
7KMqksf0UMdyA0UCf4R3ux,https://open.spotify.com/artist/7KMqksf0UMdyA0UCf4R3ux,3050181,James Blunt,72
00me4Ke1LsvMxt5kydlMyU,https://open.spotify.com/artist/00me4Ke1LsvMxt5kydlMyU,6303278,Cosculluela,75
3SgHzT552wy2W8pNLaLk24,https://open.spotify.com/artist/3SgHzT552wy2W8pNLaLk24,6181432,Hillsong Worship,75
0GOx72r5AAEKRGQFn3xqXK,https://open.spotify.com/artist/0GOx72r5AAEKRGQFn3xqXK,4977598,GIMS,80
165ZgPlLkK7bf5bDoFc6Sb,https://open.spotify.com/artist/165ZgPlLkK7bf5bDoFc6Sb,6448335,Limp Bizkit,77
5pVRwX5ZQR7hfJ18w8ZYkl,https://open.spotify.com/artist/5pVRwX5ZQR7hfJ18w8ZYkl,1960016,Ufo361,73
3gIRvgZssIb9aiirIg0nI3,https://open.spotify.com/artist/3gIRvgZssIb9aiirIg0nI3,2280629,Jeremy Zucker,70
0NbfKEOTQCcwd6o7wSDOHI,https://open.spotify.com/artist/0NbfKEOTQCcwd6o7wSDOHI,4891761,The Game,72
2fMqTqiTxUDlmcOEPaQSsx,https://open.spotify.com/artist/2fMqTqiTxUDlmcOEPaQSsx,1273410,Amitabh Bhattacharya,82
5nP8x4uEFjAAmDzwOEc9b8,https://open.spotify.com/artist/5nP8x4uEFjAAmDzwOEc9b8,11285976,Matuê,83
3nlpTZci9O5W8RsNoNH559,https://open.spotify.com/artist/3nlpTZci9O5W8RsNoNH559,5406319,Juan Luis Guerra 4.40,77
3NH8t45zOTqzlZgBvZRjvB,https://open.spotify.com/artist/3NH8t45zOTqzlZgBvZRjvB,8800120,PNL,74
7sfl4Xt5KmfyDs2T3SVSMK,https://open.spotify.com/artist/7sfl4Xt5KmfyDs2T3SVSMK,1621135,Lil Jon,75
4mN0qcMxWX8oToqfDPM5yV,https://open.spotify.com/artist/4mN0qcMxWX8oToqfDPM5yV,8287832,José José,80
5TYxZTjIPqKM8K8NuP9woO,https://open.spotify.com/artist/5TYxZTjIPqKM8K8NuP9woO,2837961,C. Tangana,73
6sFIWsNpZYqfjUpaCgueju,https://open.spotify.com/artist/6sFIWsNpZYqfjUpaCgueju,4936171,Carly Rae Jepsen,73
0eecdvMrqBftK0M1VKhaF4,https://open.spotify.com/artist/0eecdvMrqBftK0M1VKhaF4,9411729,CNCO,68
4az97MtWmBQ5Db3GfDh9j9,https://open.spotify.com/artist/4az97MtWmBQ5Db3GfDh9j9,3569394,Morad,80
2x7PC78TmgqpEIjaGAZ0Oz,https://open.spotify.com/artist/2x7PC78TmgqpEIjaGAZ0Oz,7797551,Trueno,81
2ydZrTy8U3kOMOzx20s3dg,https://open.spotify.com/artist/2ydZrTy8U3kOMOzx20s3dg,1163102,DJ Nelson,73
3l9G1G9MxH6DaRhwLklaf5,https://open.spotify.com/artist/3l9G1G9MxH6DaRhwLklaf5,2864454,Oscar Maydon,86
22WZ7M8sxp5THdruNY3gXt,https://open.spotify.com/artist/22WZ7M8sxp5THdruNY3gXt,8144448,The Doors,75
3tJnB0s6c3oXPq1SCCavnd,https://open.spotify.com/artist/3tJnB0s6c3oXPq1SCCavnd,7456312,Marco Antonio Solís,77
1IueXOQyABrMOprrzwQJWN,https://open.spotify.com/artist/1IueXOQyABrMOprrzwQJWN,1566907,Sigala,68
7t0rwkOPGlDPEhaOcVtOt9,https://open.spotify.com/artist/7t0rwkOPGlDPEhaOcVtOt9,4577495,The Cranberries,78
22wbnEMDvgVIAGdFeek6ET,https://open.spotify.com/artist/22wbnEMDvgVIAGdFeek6ET,3774819,Benson Boone,86
35l9BRT7MXmM8bv2WDQiyB,https://open.spotify.com/artist/35l9BRT7MXmM8bv2WDQiyB,4187816,beabadoobee,81
4QQgXkCYTt3BlENzhyNETg,https://open.spotify.com/artist/4QQgXkCYTt3BlENzhyNETg,4488558,"Earth, Wind & Fire",76
1ackd5XprZEkH3McKbQD51,https://open.spotify.com/artist/1ackd5XprZEkH3McKbQD51,1678558,Juan Magán,69
2IvkS5MXK0vPGnwyJsrEyV,https://open.spotify.com/artist/2IvkS5MXK0vPGnwyJsrEyV,3919860,Eric Church,73
26AHtbjWKiwYzsoGoUZq53,https://open.spotify.com/artist/26AHtbjWKiwYzsoGoUZq53,3759226,Pentatonix,66
6CwfuxIqcltXDGjfZsMd9A,https://open.spotify.com/artist/6CwfuxIqcltXDGjfZsMd9A,5702291,MARINA,74
7mnBLXK823vNxN3UWB7Gfz,https://open.spotify.com/artist/7mnBLXK823vNxN3UWB7Gfz,4044110,The Black Keys,74
1Ts9of7VPZElwPQnqnDSfW,https://open.spotify.com/artist/1Ts9of7VPZElwPQnqnDSfW,1479010,Lyanno,75
6roFdX1y5BYSbp60OTJWMd,https://open.spotify.com/artist/6roFdX1y5BYSbp60OTJWMd,4662138,Tim McGraw,74
5eioJDe26lOqkAMbuhzZYs,https://open.spotify.com/artist/5eioJDe26lOqkAMbuhzZYs,1451176,Gzuz,73
6USv9qhCn6zfxlBQIYJ9qs,https://open.spotify.com/artist/6USv9qhCn6zfxlBQIYJ9qs,1904105,Dominic Fike,79
4PzYKhC14sTJNEr0dzoo0d,https://open.spotify.com/artist/4PzYKhC14sTJNEr0dzoo0d,6104167,Luísa Sonza,77
3CDoRporvSjdzTrm99a3gi,https://open.spotify.com/artist/3CDoRporvSjdzTrm99a3gi,7732481,LUDMILLA,78
5rGrDvrLOV2VV8SCFVGWlj,https://open.spotify.com/artist/5rGrDvrLOV2VV8SCFVGWlj,250790,Imanbek,72
55fhWPvDiMpLnE4ZzNXZyW,https://open.spotify.com/artist/55fhWPvDiMpLnE4ZzNXZyW,1415484,Noah Cyrus,76
67nwj3Y5sZQLl72VNUHEYE,https://open.spotify.com/artist/67nwj3Y5sZQLl72VNUHEYE,4165045,Wale,71
0PFtn5NtBbbUNbU9EAmIWF,https://open.spotify.com/artist/0PFtn5NtBbbUNbU9EAmIWF,3099055,TOTO,77
41X1TR6hrK8Q2ZCpp2EqCz,https://open.spotify.com/artist/41X1TR6hrK8Q2ZCpp2EqCz,1600987,bbno$,74
2y8Jo9CKhJvtfeKOsYzRdT,https://open.spotify.com/artist/2y8Jo9CKhJvtfeKOsYzRdT,4966829,Rod Stewart,74
0my6Pg4I28dVcZLSpAkqhv,https://open.spotify.com/artist/0my6Pg4I28dVcZLSpAkqhv,6228771,El Fantasma,73
13ZEDW6vyBF12HYcZRr4EV,https://open.spotify.com/artist/13ZEDW6vyBF12HYcZRr4EV,2650143,Tyler Childers,79
6ltzsmQQbmdoHHbLZ4ZN25,https://open.spotify.com/artist/6ltzsmQQbmdoHHbLZ4ZN25,1740690,Lord Huron,78
3Mcii5XWf6E0lrY3Uky4cA,https://open.spotify.com/artist/3Mcii5XWf6E0lrY3Uky4cA,9199715,Ice Cube,75
7eLcDZDYHXZCebtQmVFL25,https://open.spotify.com/artist/7eLcDZDYHXZCebtQmVFL25,3097216,Aitana,74
6EPlBSH2RSiettczlz7ihV,https://open.spotify.com/artist/6EPlBSH2RSiettczlz7ihV,2171528,Sleepy Hallow,77
3uwAm6vQy7kWPS2bciKWx9,https://open.spotify.com/artist/3uwAm6vQy7kWPS2bciKWx9,7614880,girl in red,78
1r1uxoy19fzMxunt3ONAkG,https://open.spotify.com/artist/1r1uxoy19fzMxunt3ONAkG,2583528,Phoebe Bridgers,79
2kucQ9jQwuD8jWdtR9Ef38,https://open.spotify.com/artist/2kucQ9jQwuD8jWdtR9Ef38,2338922,Sam Hunt,70
0ONHkAv9pCAFxb0zJwDNTy,https://open.spotify.com/artist/0ONHkAv9pCAFxb0zJwDNTy,2968110,Pusha T,73
4RddZ3iHvSpGV4dvATac9X,https://open.spotify.com/artist/4RddZ3iHvSpGV4dvATac9X,5384595,Papa Roach,74
2uFUBdaVGtyMqckSeCl0Qj,https://open.spotify.com/artist/2uFUBdaVGtyMqckSeCl0Qj,3573685,Ludovico Einaudi,80
4KWTAlx2RvbpseOGMEmROg,https://open.spotify.com/artist/4KWTAlx2RvbpseOGMEmROg,4749530,R.E.M.,75
2P5sC9cVZDToPxyomzF1UH,https://open.spotify.com/artist/2P5sC9cVZDToPxyomzF1UH,3583530,Joey Bada$$,74
2p1fiYHYiXz9qi0JJyxBzN,https://open.spotify.com/artist/2p1fiYHYiXz9qi0JJyxBzN,1364915,Skepta,74
46pWGuE3dSwY3bMMXGBvVS,https://open.spotify.com/artist/46pWGuE3dSwY3bMMXGBvVS,5537893,Rema,79
3XHO7cRUPCLOr6jwp8vsx5,https://open.spotify.com/artist/3XHO7cRUPCLOr6jwp8vsx5,3321447,alt-J,71
5xd2Tg7Zo8755eCy8Gxkp8,https://open.spotify.com/artist/5xd2Tg7Zo8755eCy8Gxkp8,8677940,Ha*Ash,76
5t5FqBwTcgKTaWmfEbwQY9,https://open.spotify.com/artist/5t5FqBwTcgKTaWmfEbwQY9,10119799,ENHYPEN,81
1CoZyIx7UvdxT5c8UkMzHd,https://open.spotify.com/artist/1CoZyIx7UvdxT5c8UkMzHd,3484195,Jorja Smith,74
2QWIScpFDNxmS6ZEMIUvgm,https://open.spotify.com/artist/2QWIScpFDNxmS6ZEMIUvgm,2575935,Julieta Venegas,77
7CQwac16i1W5ej8YpuL3dv,https://open.spotify.com/artist/7CQwac16i1W5ej8YpuL3dv,3054950,Boyce Avenue,69
3qsKSpcV3ncke3hw52JSMB,https://open.spotify.com/artist/3qsKSpcV3ncke3hw52JSMB,3522103,Young Miko,80
2KsP6tYLJlTBvSUxnwlVWa,https://open.spotify.com/artist/2KsP6tYLJlTBvSUxnwlVWa,1402877,Mike Posner,71
3oDbviiivRWhXwIE8hxkVV,https://open.spotify.com/artist/3oDbviiivRWhXwIE8hxkVV,4675447,The Beach Boys,73
2wkoKEfS6dXwThbyTnZWFU,https://open.spotify.com/artist/2wkoKEfS6dXwThbyTnZWFU,6724140,Mau y Ricky,69
19ra5tSw0tWufvUp8GotLo,https://open.spotify.com/artist/19ra5tSw0tWufvUp8GotLo,5013896,George Michael,74
3grHWM9bx2E9vwJCdlRv9O,https://open.spotify.com/artist/3grHWM9bx2E9vwJCdlRv9O,4556751,Kenny Chesney,72
1hzfo8twXdOegF3xireCYs,https://open.spotify.com/artist/1hzfo8twXdOegF3xireCYs,1978052,Milky Chance,74
5KNNVgR6LBIABRIomyCwKJ,https://open.spotify.com/artist/5KNNVgR6LBIABRIomyCwKJ,1570274,Dermot Kennedy,71
6DgP9otnZw5z6daOntINxp,https://open.spotify.com/artist/6DgP9otnZw5z6daOntINxp,437387,Joel Corry,72
4WN5naL3ofxrVBgFpguzKo,https://open.spotify.com/artist/4WN5naL3ofxrVBgFpguzKo,1380099,Rudimental,71
2Kx7MNY7cI1ENniW7vT30N,https://open.spotify.com/artist/2Kx7MNY7cI1ENniW7vT30N,3207874,Norah Jones,75
6TLwD7HPWuiOzvXEa3oCNe,https://open.spotify.com/artist/6TLwD7HPWuiOzvXEa3oCNe,2495542,Oliver Tree,71
6QtgPSJPSzcnn7dPZ4VINp,https://open.spotify.com/artist/6QtgPSJPSzcnn7dPZ4VINp,5262757,King Von,78
6Wr3hh341P84m3EI8qdn9O,https://open.spotify.com/artist/6Wr3hh341P84m3EI8qdn9O,2756034,Rise Against,72
5M52tdBnJaKSvOpJGz8mfZ,https://open.spotify.com/artist/5M52tdBnJaKSvOpJGz8mfZ,8223343,Black Sabbath,74
5EvFsr3kj42KNv97ZEnqij,https://open.spotify.com/artist/5EvFsr3kj42KNv97ZEnqij,2280661,Shaggy,74
014WIDx7H4BRCHB1faiisK,https://open.spotify.com/artist/014WIDx7H4BRCHB1faiisK,3425065,Los Tucanes De Tijuana,77
0u6GtibW46tFX7koQ6uNJZ,https://open.spotify.com/artist/0u6GtibW46tFX7koQ6uNJZ,265081,Topic,76
39yVoqm6sYFvvqF1RciUVf,https://open.spotify.com/artist/39yVoqm6sYFvvqF1RciUVf,4662424,Carlos Rivera,73
70cRZdQywnSFp9pnc2WTCE,https://open.spotify.com/artist/70cRZdQywnSFp9pnc2WTCE,5387639,Simon & Garfunkel,74
6C1ohJrd5VydigQtaGy5Wa,https://open.spotify.com/artist/6C1ohJrd5VydigQtaGy5Wa,2295852,Joyner Lucas,69
1Y8cdNmUJH7yBTd9yOvr5i,https://open.spotify.com/artist/1Y8cdNmUJH7yBTd9yOvr5i,7443192,Destiny's Child,73
77tT1kLj6mCWtFNqiOmP9H,https://open.spotify.com/artist/77tT1kLj6mCWtFNqiOmP9H,2534301,Daryl Hall & John Oates,77
19HM5j0ULGSmEoRcrSe5x3,https://open.spotify.com/artist/19HM5j0ULGSmEoRcrSe5x3,4931675,Milo j,83
7H55rcKCfwqkyDFH9wpKM6,https://open.spotify.com/artist/7H55rcKCfwqkyDFH9wpKM6,3918435,Christina Perri,72
2WX2uTcsvV5OnS0inACecP,https://open.spotify.com/artist/2WX2uTcsvV5OnS0inACecP,3704661,Birdy,71
67hb7towEyKvt5Z8Bx306c,https://open.spotify.com/artist/67hb7towEyKvt5Z8Bx306c,1609899,Empire Of The Sun,77
1hcdI2N1023RvSwLzTtdsp,https://open.spotify.com/artist/1hcdI2N1023RvSwLzTtdsp,4728951,Natalia Lafourcade,75
6PAt558ZEZl0DmdXlnjMgD,https://open.spotify.com/artist/6PAt558ZEZl0DmdXlnjMgD,6027573,Eric Clapton,73
44NX2ffIYHr6D4n7RaZF7A,https://open.spotify.com/artist/44NX2ffIYHr6D4n7RaZF7A,3293992,Van Morrison,75
70kkdajctXSbqSMJbQO424,https://open.spotify.com/artist/70kkdajctXSbqSMJbQO424,1488241,Kacey Musgraves,77
64tJ2EAv1R6UaZqc4iOCyj,https://open.spotify.com/artist/64tJ2EAv1R6UaZqc4iOCyj,8404509,YOASOBI,76
0RESbWvOMyua0yuyVrztJ5,https://open.spotify.com/artist/0RESbWvOMyua0yuyVrztJ5,2118784,Key Glock,77
