id,followers,name,popularity,spotify_url
3TVXtAsR1Inumwj472S9r4,92719432,Drake,96,https://open.spotify.com/artist/3TVXtAsR1Inumwj472S9r4
06HL4z0CvFAxyc27GXpf02,124080125,Taylor Swift,100,https://open.spotify.com/artist/06HL4z0CvFAxyc27GXpf02
4q3ewBCX7sLwd24euuV69X,86393789,Bad Bunny,95,https://open.spotify.com/artist/4q3ewBCX7sLwd24euuV69X
1Xyo4u8uXC1ZmMpatF05PJ,93001526,The Weeknd,96,https://open.spotify.com/artist/1Xyo4u8uXC1ZmMpatF05PJ
1uNFoZAHBGtllmzznpCI3s,78128982,Justin Bieber,91,https://open.spotify.com/artist/1uNFoZAHBGtllmzznpCI3s
6eUKZXaKkcviH0Ku9w2n3V,116652559,Ed Sheeran,89,https://open.spotify.com/artist/6eUKZXaKkcviH0Ku9w2n3V
7dGJo4pcD2V6oG8kP0tJRR,91828920,Eminem,93,https://open.spotify.com/artist/7dGJo4pcD2V6oG8kP0tJRR
0Y5tJX1MQlPlqiwlOH1tJY,33796073,Travis Scott,94,https://open.spotify.com/artist/0Y5tJX1MQlPlqiwlOH1tJY
66CXWjxzNUsdJxJ2JdwvnR,100518608,Ariana Grande,92,https://open.spotify.com/artist/66CXWjxzNUsdJxJ2JdwvnR
5K4W6rqBFWDnAN6FQUkS6x,27617871,Kanye West,93,https://open.spotify.com/artist/5K4W6rqBFWDnAN6FQUkS6x
246dkjvS1zLTtiykXe5h60,45597376,Post Malone,92,https://open.spotify.com/artist/246dkjvS1zLTtiykXe5h60
5pKCCKE2ajJHZ9KAiaK11H,63238206,Rihanna,92,https://open.spotify.com/artist/5pKCCKE2ajJHZ9KAiaK11H
1vyhD5VmyZ7KMfW5gqLgo5,37276808,J Balvin,88,https://open.spotify.com/artist/1vyhD5VmyZ7KMfW5gqLgo5
3Nrfpe0tUJi4K4DXYWgMUX,76326945,BTS,87,https://open.spotify.com/artist/3Nrfpe0tUJi4K4DXYWgMUX
6qqNVTkY8uBg9cP3Jd7DAH,101017185,Billie Eilish,96,https://open.spotify.com/artist/6qqNVTkY8uBg9cP3Jd7DAH
1RyvyyTE3xzB2ZywiAwp0i,18942245,Future,93,https://open.spotify.com/artist/1RyvyyTE3xzB2ZywiAwp0i
2YZyLoL8N0Wb9xBt1NhZWg,33599307,Kendrick Lamar,92,https://open.spotify.com/artist/2YZyLoL8N0Wb9xBt1NhZWg
4MCBfE4596Uoi2O4DtmEMz,35733783,Juice WRLD,88,https://open.spotify.com/artist/4MCBfE4596Uoi2O4DtmEMz
1i8SpTcr7yvPOmcqrbnVXY,37535437,Ozuna,87,https://open.spotify.com/artist/1i8SpTcr7yvPOmcqrbnVXY
0hCNtLu0JehylgoiP8L4Gh,32544696,Nicki Minaj,87,https://open.spotify.com/artist/0hCNtLu0JehylgoiP8L4Gh
0du5cEVh5yTK9QJze8zA0C,60668005,Bruno Mars,94,https://open.spotify.com/artist/0du5cEVh5yTK9QJze8zA0C
4gzpq5DPGxSnKTe4SA8HAU,54152230,Coldplay,92,https://open.spotify.com/artist/4gzpq5DPGxSnKTe4SA8HAU
15UsOTVnJzReFVN1VCnxy4,47127538,XXXTENTACION,89,https://open.spotify.com/artist/15UsOTVnJzReFVN1VCnxy4
6M2wZ9GZgrQXHCFfjv46we,44861133,Dua Lipa,88,https://open.spotify.com/artist/6M2wZ9GZgrQXHCFfjv46we
7bXgB6jMjp9ATFy66eO08Z,23725041,Chris Brown,88,https://open.spotify.com/artist/7bXgB6jMjp9ATFy66eO08Z
53XhwfbYqKCa1cC15pYq2q,54932385,Imagine Dragons,89,https://open.spotify.com/artist/53XhwfbYqKCa1cC15pYq2q
1URnnhqYAYcrqrcwql10ft,20352040,21 Savage,89,https://open.spotify.com/artist/1URnnhqYAYcrqrcwql10ft
1Cs0zKBU1kc0i8ypK3B9ai,26311129,David Guetta,90,https://open.spotify.com/artist/1Cs0zKBU1kc0i8ypK3B9ai
6LuN9FCkKOj5PcnpouEgny,16384852,Khalid,85,https://open.spotify.com/artist/6LuN9FCkKOj5PcnpouEgny
55Aa2cqylxrFIXC767Z865,15419341,Lil Wayne,87,https://open.spotify.com/artist/55Aa2cqylxrFIXC767Z865
4VMYDCV2IEDYJArk749S6m,35251647,Daddy Yankee,88,https://open.spotify.com/artist/4VMYDCV2IEDYJArk749S6m
2R21vXR83lH98kGeO99Y66,38348343,Anuel AA,88,https://open.spotify.com/artist/2R21vXR83lH98kGeO99Y66
00FQb4jTyendYWaN8pK0wa,40792945,Lana Del Rey,92,https://open.spotify.com/artist/00FQb4jTyendYWaN8pK0wa
04gDigrS5kc9YWfZHwBETP,42925051,Maroon 5,87,https://open.spotify.com/artist/04gDigrS5kc9YWfZHwBETP
1mcTU81TzQhprhouKaTkpq,23890296,Rauw Alejandro,90,https://open.spotify.com/artist/1mcTU81TzQhprhouKaTkpq
6vWDO969PvNqNYHIOW5v0m,38780311,Beyoncé,87,https://open.spotify.com/artist/6vWDO969PvNqNYHIOW5v0m
5f7VJjfbwm532GiveGC0ZK,18761524,Lil Baby,87,https://open.spotify.com/artist/5f7VJjfbwm532GiveGC0ZK
1r4hJ1h58CWwUQe3MxPuau,34748299,Maluma,86,https://open.spotify.com/artist/1r4hJ1h58CWwUQe3MxPuau
7CajNmpbOovFoOoasH2HaY,22897371,Calvin Harris,87,https://open.spotify.com/artist/7CajNmpbOovFoOoasH2HaY
790FomKkXshlbRYZFtlgla,51274273,KAROL G,92,https://open.spotify.com/artist/790FomKkXshlbRYZFtlgla
4O15NlyKLIASxsJ0PrXPfz,17836699,Lil Uzi Vert,86,https://open.spotify.com/artist/4O15NlyKLIASxsJ0PrXPfz
6l3HvQ5sa6mXTsMTB19rO5,24773395,J. Cole,87,https://open.spotify.com/artist/6l3HvQ5sa6mXTsMTB19rO5
7tYKF4w9nC0nq9CsPZTHyP,23770781,SZA,90,https://open.spotify.com/artist/7tYKF4w9nC0nq9CsPZTHyP
5WUlDfRSoLAfcVSX1WnrxN,28745859,Sia,85,https://open.spotify.com/artist/5WUlDfRSoLAfcVSX1WnrxN
7n2wHs1TKAczGzO7Dd2rGr,43463646,Shawn Mendes,84,https://open.spotify.com/artist/7n2wHs1TKAczGzO7Dd2rGr
50co4Is1HCEo8bhOyUWKpn,10587011,Young Thug,85,https://open.spotify.com/artist/50co4Is1HCEo8bhOyUWKpn
7iK8PXO48WeuP03g8YR51W,16836430,Myke Towers,89,https://open.spotify.com/artist/7iK8PXO48WeuP03g8YR51W
2wY79sveU1sp5g7SokKOiI,24464711,Sam Smith,84,https://open.spotify.com/artist/2wY79sveU1sp5g7SokKOiI
2LRoIwlKmHjgvigdNGBHNo,14302533,Feid,92,https://open.spotify.com/artist/2LRoIwlKmHjgvigdNGBHNo
1HY2Jd0NmPuamShAr6KMms,32193752,Lady Gaga,92,https://open.spotify.com/artist/1HY2Jd0NmPuamShAr6KMms
1dfeR4HaWDbWqFHLkxsg1d,51610858,Queen,86,https://open.spotify.com/artist/1dfeR4HaWDbWqFHLkxsg1d
329e4yvIujISKGKz1BZZbO,16049552,Farruko,84,https://open.spotify.com/artist/329e4yvIujISKGKz1BZZbO
5cj0lLjcoR7YOSnhnX0Po5,31605892,Doja Cat,87,https://open.spotify.com/artist/5cj0lLjcoR7YOSnhnX0Po5
6KImCVD70vtIoJWnq6nGn3,32987941,Harry Styles,85,https://open.spotify.com/artist/6KImCVD70vtIoJWnq6nGn3
4AK6F7OLvEQ5QYCBNiQWHq,37041683,One Direction,89,https://open.spotify.com/artist/4AK6F7OLvEQ5QYCBNiQWHq
4dpARuHxo51G3z768sgnrY,59518541,Adele,88,https://open.spotify.com/artist/4dpARuHxo51G3z768sgnrY
0EmeFodog0BfCgMzAIvKQp,34996336,Shakira,88,https://open.spotify.com/artist/0EmeFodog0BfCgMzAIvKQp
0C8ZW7ezQVs4URX5aX7Kqx,50970051,Selena Gomez,83,https://open.spotify.com/artist/0C8ZW7ezQVs4URX5aX7Kqx
0iEtIxbK0KxaSlF7G42ZOp,9441571,Metro Boomin,90,https://open.spotify.com/artist/0iEtIxbK0KxaSlF7G42ZOp
7c0XG5cIJTrrAgEC3ULPiq,5596899,Ty Dolla $ign,84,https://open.spotify.com/artist/7c0XG5cIJTrrAgEC3ULPiq
26VFTg2z8YR0cCuwLzESi2,21740369,Halsey,82,https://open.spotify.com/artist/26VFTg2z8YR0cCuwLzESi2
6XyY86QOPPrYVGvF9ch6wz,27209053,Linkin Park,92,https://open.spotify.com/artist/6XyY86QOPPrYVGvF9ch6wz
1SupJlEpv7RS2tPNRaHViT,19060964,Nicky Jam,82,https://open.spotify.com/artist/1SupJlEpv7RS2tPNRaHViT
6jJ0s89eD6GaHleKKya26X,34729441,Katy Perry,87,https://open.spotify.com/artist/6jJ0s89eD6GaHleKKya26X
4YRxDV8wJFPHPTeXepOstw,125362950,Arijit Singh,91,https://open.spotify.com/artist/4YRxDV8wJFPHPTeXepOstw
3WrFJ7ztbogyGnTHbHJFl2,28584202,The Beatles,86,https://open.spotify.com/artist/3WrFJ7ztbogyGnTHbHJFl2
2hlmm7s2ICUX0LVIhVFlZQ,8160822,Gunna,87,https://open.spotify.com/artist/2hlmm7s2ICUX0LVIhVFlZQ
7Ln80lUS6He07XvHI8qqHH,26970953,Arctic Monkeys,88,https://open.spotify.com/artist/7Ln80lUS6He07XvHI8qqHH
69GGBxA162lTqCwzJG5jLp,20547487,The Chainsmokers,83,https://open.spotify.com/artist/69GGBxA162lTqCwzJG5jLp
64KEffDW9EtZ1y2vBYgq8T,33842164,Marshmello,84,https://open.spotify.com/artist/64KEffDW9EtZ1y2vBYgq8T
1McMsnEElThX1knmY4oliG,40609162,Olivia Rodrigo,89,https://open.spotify.com/artist/1McMsnEElThX1knmY4oliG
137W8MRPWKqSmrBGDBFSop,11288529,Wiz Khalifa,83,https://open.spotify.com/artist/137W8MRPWKqSmrBGDBFSop
5YGY8feqx7naU7z4HrwZM6,24898353,Miley Cyrus,84,https://open.spotify.com/artist/5YGY8feqx7naU7z4HrwZM6
4kYSro6naA4h99UJvo89HB,24554552,Cardi B,81,https://open.spotify.com/artist/4kYSro6naA4h99UJvo89HB
4oUHIQIBe0LHzYfvXNW4QM,10908362,Morgan Wallen,91,https://open.spotify.com/artist/4oUHIQIBe0LHzYfvXNW4QM
12GqGscKJx3aE4t07u7eVZ,16761588,Peso Pluma,93,https://open.spotify.com/artist/12GqGscKJx3aE4t07u7eVZ
3nFkdlSjzX9mRTtwJOzDYB,9494442,JAY-Z,85,https://open.spotify.com/artist/3nFkdlSjzX9mRTtwJOzDYB
13ubrt8QOOCPljQ2FL1Kca,15133335,A$AP Rocky,86,https://open.spotify.com/artist/13ubrt8QOOCPljQ2FL1Kca
4nDoRrQiYLoBzwC5BhVJzF,33926781,Camila Cabello,82,https://open.spotify.com/artist/4nDoRrQiYLoBzwC5BhVJzF
0TnOYISbd1XYRBk9myaseg,10872545,Pitbull,86,https://open.spotify.com/artist/0TnOYISbd1XYRBk9myaseg
2h93pZq0e7k5yf4dywlkpM,15864395,Frank Ocean,88,https://open.spotify.com/artist/2h93pZq0e7k5yf4dywlkpM
4r63FhuTkUYltbVAg5TQnk,12253083,DaBaby,80,https://open.spotify.com/artist/4r63FhuTkUYltbVAg5TQnk
3YQKmKGau1PzlVlkL1iodx,24757017,Twenty One Pilots,84,https://open.spotify.com/artist/3YQKmKGau1PzlVlkL1iodx
4V8LLVI7PbaPR0K2TGSxFF,16711793,"Tyler, The Creator",87,https://open.spotify.com/artist/4V8LLVI7PbaPR0K2TGSxFF
0VRj0yCOv2FXJNP47XQnx5,7584776,Quavo,81,https://open.spotify.com/artist/0VRj0yCOv2FXJNP47XQnx5
1vCWHaC5f2uS3yhpwWbIA6,23076400,Avicii,82,https://open.spotify.com/artist/1vCWHaC5f2uS3yhpwWbIA6
23fqKkggKUBHNkbKtXEls4,8470047,Kygo,82,https://open.spotify.com/artist/23fqKkggKUBHNkbKtXEls4
77ziqFxp5gaInVrF2lj4ht,12089025,Sech,80,https://open.spotify.com/artist/77ziqFxp5gaInVrF2lj4ht
5Pwc4xIPtQLFEnJriah9YJ,17542279,OneRepublic,85,https://open.spotify.com/artist/5Pwc4xIPtQLFEnJriah9YJ
0L8ExT028jH3ddEcZwqJJ5,21471262,Red Hot Chili Peppers,84,https://open.spotify.com/artist/0L8ExT028jH3ddEcZwqJJ5
7hJcb9fa4alzcOq3EaNPoG,12722392,Snoop Dogg,84,https://open.spotify.com/artist/7hJcb9fa4alzcOq3EaNPoG
7Gi6gjaWy3DxyilpF1a8Is,19728298,Junior H,91,https://open.spotify.com/artist/7Gi6gjaWy3DxyilpF1a8Is
6Xgp2XMz1fhVYe7i6yNAax,9889289,Trippie Redd,83,https://open.spotify.com/artist/6Xgp2XMz1fhVYe7i6yNAax
3fMbdgg4jU18AjLCKBhRSm,32985802,Michael Jackson,85,https://open.spotify.com/artist/3fMbdgg4jU18AjLCKBhRSm
1VPmR4DJC1PlOtd0IADAO0,7820212,$uicideboy$,88,https://open.spotify.com/artist/1VPmR4DJC1PlOtd0IADAO0
5LHRHt1k9lMyONurDHEdrp,6992066,Tyga,79,https://open.spotify.com/artist/5LHRHt1k9lMyONurDHEdrp
699OTQXzgjhIYAHMy9RyPD,12000669,Playboi Carti,90,https://open.spotify.com/artist/699OTQXzgjhIYAHMy9RyPD
4SsVbpTthjScTS7U2hmr1X,15467877,Arcángel,84,https://open.spotify.com/artist/4SsVbpTthjScTS7U2hmr1X
1wRPtKGflJrBx9BmLsSwlU,39665451,Pritam,89,https://open.spotify.com/artist/1wRPtKGflJrBx9BmLsSwlU
07YZf4WDAMNwqr4jfgOZ8y,12227475,Jason Derulo,79,https://open.spotify.com/artist/07YZf4WDAMNwqr4jfgOZ8y
4LLpKhyESsyAXpc4laK94U,10934359,Mac Miller,83,https://open.spotify.com/artist/4LLpKhyESsyAXpc4laK94U
64M6ah0SkkRsnPGtGiRAbb,9342859,Bebe Rexha,81,https://open.spotify.com/artist/64M6ah0SkkRsnPGtGiRAbb
3PhoLpVuITZKcymswpck5b,13910875,Elton John,84,https://open.spotify.com/artist/3PhoLpVuITZKcymswpck5b
6VuMaDnrHyPL1p4EHjYLi7,23356439,Charlie Puth,82,https://open.spotify.com/artist/6VuMaDnrHyPL1p4EHjYLi7
3q7HBObVc0L8jNeTe5Gofh,15765371,50 Cent,85,https://open.spotify.com/artist/3q7HBObVc0L8jNeTe5Gofh
1zNqQNIdeOUZHb8zbZRFMX,2338831,Swae Lee,81,https://open.spotify.com/artist/1zNqQNIdeOUZHb8zbZRFMX
6S2OmqARrzebs0tKUEyXyp,26752280,Demi Lovato,78,https://open.spotify.com/artist/6S2OmqARrzebs0tKUEyXyp
0eDvMgVFoNV3TpwtrVCoTj,14619124,Pop Smoke,80,https://open.spotify.com/artist/0eDvMgVFoNV3TpwtrVCoTj
31W5EY0aAly4Qieq6OFu6I,8490607,A Boogie Wit da Hoodie,80,https://open.spotify.com/artist/31W5EY0aAly4Qieq6OFu6I
7wlFDEWiM5OoIAt8RSli8b,13227747,YoungBoy Never Broke Again,82,https://open.spotify.com/artist/7wlFDEWiM5OoIAt8RSli8b
0tmwSHipWxN12fsoLcFU3B,14108301,Manuel Turizo,84,https://open.spotify.com/artist/0tmwSHipWxN12fsoLcFU3B
5lwmRuXgjX8xIwlnauTZIP,22771656,Romeo Santos,85,https://open.spotify.com/artist/5lwmRuXgjX8xIwlnauTZIP
46SHBwWsqBkxI7EeeBEQG7,11050105,Kodak Black,82,https://open.spotify.com/artist/46SHBwWsqBkxI7EeeBEQG7
2o5jDhtHVPhrJdv3cEQ99Z,7525051,Tiësto,84,https://open.spotify.com/artist/2o5jDhtHVPhrJdv3cEQ99Z
2ye2Wgw4gimLv2eAKyk1NB,28713009,Metallica,84,https://open.spotify.com/artist/2ye2Wgw4gimLv2eAKyk1NB
41MozSoPIsD1dJM0CLPjZF,51382961,BLACKPINK,81,https://open.spotify.com/artist/41MozSoPIsD1dJM0CLPjZF
0c173mlxpT3dSFRgMO8XPh,11206061,Big Sean,79,https://open.spotify.com/artist/0c173mlxpT3dSFRgMO8XPh
3meJIgRw7YleJrmbpbJK6S,1088967,Die drei ???,87,https://open.spotify.com/artist/3meJIgRw7YleJrmbpbJK6S
07YUOmWljBTXwIseAUd9TW,23168138,Sebastian Yatra,80,https://open.spotify.com/artist/07YUOmWljBTXwIseAUd9TW
6nVcHLIgY5pE2YCl8ubca1,8128347,JHAYCO,84,https://open.spotify.com/artist/6nVcHLIgY5pE2YCl8ubca1
6oMuImdp5ZcFhWP0ESe6mG,14052511,Migos,77,https://open.spotify.com/artist/6oMuImdp5ZcFhWP0ESe6mG
77SW9BnxLY8rJ0RciFqkHh,18220569,The Neighbourhood,86,https://open.spotify.com/artist/77SW9BnxLY8rJ0RciFqkHh
2kCcBybjl3SAtIcwdWpUe3,13170341,Lil Peep,85,https://open.spotify.com/artist/2kCcBybjl3SAtIcwdWpUe3
4tZwfgrHOc3mvqYlEYSvVi,10205203,Daft Punk,82,https://open.spotify.com/artist/4tZwfgrHOc3mvqYlEYSvVi
31TPClRtHm23RisEBtV3X7,14620879,Justin Timberlake,83,https://open.spotify.com/artist/31TPClRtHm23RisEBtV3X7
718COspgdWOnwOFpJHRZHS,11562938,Luke Combs,88,https://open.spotify.com/artist/718COspgdWOnwOFpJHRZHS
1KCSPY1glIKqW2TotWuXOR,17214913,P!nk,82,https://open.spotify.com/artist/1KCSPY1glIKqW2TotWuXOR
0X2BH1fck6amBIoJhDVmmJ,12606515,Ellie Goulding,80,https://open.spotify.com/artist/0X2BH1fck6amBIoJhDVmmJ
6AgTAQt8XS6jRWi4sX7w49,11888754,Polo G,81,https://open.spotify.com/artist/6AgTAQt8XS6jRWi4sX7w49
7vk5e3vY1uw9plTHJAMwjN,39609282,Alan Walker,82,https://open.spotify.com/artist/7vk5e3vY1uw9plTHJAMwjN
711MCceyCBcFnzjGY4Q7Un,29618372,AC/DC,84,https://open.spotify.com/artist/711MCceyCBcFnzjGY4Q7Un
4IWBUUAFIplrNtaOHcJPRM,18730032,James Arthur,81,https://open.spotify.com/artist/4IWBUUAFIplrNtaOHcJPRM
540vIaP2JwjQb9dm3aArA4,8881062,DJ Snake,79,https://open.spotify.com/artist/540vIaP2JwjQb9dm3aArA4
13y7CgLHjMVRMDqxdx0Xdo,5667793,Gucci Mane,78,https://open.spotify.com/artist/13y7CgLHjMVRMDqxdx0Xdo
716NhGYqD1jl2wI1Qkgq36,16751336,Bizarrap,82,https://open.spotify.com/artist/716NhGYqD1jl2wI1Qkgq36
0elWFr7TW8piilVRYJUe4P,15761213,Natanael Cano,89,https://open.spotify.com/artist/0elWFr7TW8piilVRYJUe4P
2nszmSgqreHSdJA3zWPyrW,17073606,Luis Miguel,84,https://open.spotify.com/artist/2nszmSgqreHSdJA3zWPyrW
3xvaSlT4xsyk6lY1ESOspO,621837,Disney,84,https://open.spotify.com/artist/3xvaSlT4xsyk6lY1ESOspO
3Isy6kedDrgPYoTS1dazA9,4895812,Sean Paul,82,https://open.spotify.com/artist/3Isy6kedDrgPYoTS1dazA9
02kJSzxNuaWGqwubyUba0Z,5484761,G-Eazy,78,https://open.spotify.com/artist/02kJSzxNuaWGqwubyUba0Z
1yR65psqiazQpeM79CcGh8,34881240,Marília Mendonça,81,https://open.spotify.com/artist/1yR65psqiazQpeM79CcGh8
5fMUXHkw8R8eOP2RNVYEZX,2681963,Diplo,79,https://open.spotify.com/artist/5fMUXHkw8R8eOP2RNVYEZX
23zg3TcAtWQy7J6upgbUnj,12258397,USHER,83,https://open.spotify.com/artist/23zg3TcAtWQy7J6upgbUnj
14zUHaJZo1mnYtn6IBRaRP,4695487,Justin Quiles,79,https://open.spotify.com/artist/14zUHaJZo1mnYtn6IBRaRP
20JZFwl6HVl6yg8a4H3ZqK,12380705,Panic! At The Disco,78,https://open.spotify.com/artist/20JZFwl6HVl6yg8a4H3ZqK
3hcs9uc56yIGFCSy9leWe7,8093718,Lil Durk,82,https://open.spotify.com/artist/3hcs9uc56yIGFCSy9leWe7
33ScadVnbm2X8kkUqOkC6Z,12758351,Don Omar,84,https://open.spotify.com/artist/33ScadVnbm2X8kkUqOkC6Z
17lzZA2AlOHwCwFALHttmp,8108729,2 Chainz,76,https://open.spotify.com/artist/17lzZA2AlOHwCwFALHttmp
2FXC3k01G6Gw61bmprjgqS,7954251,Hozier,86,https://open.spotify.com/artist/2FXC3k01G6Gw61bmprjgqS
6olE6TJLqED3rqDCT0FyPh,20522362,Nirvana,84,https://open.spotify.com/artist/6olE6TJLqED3rqDCT0FyPh
3p7PcrEHaaKLJnPUGOtRlT,23720859,Henrique & Juliano,86,https://open.spotify.com/artist/3p7PcrEHaaKLJnPUGOtRlT
4DdkRBBYG6Yk9Ka8tdJ9BW,4463279,Offset,80,https://open.spotify.com/artist/4DdkRBBYG6Yk9Ka8tdJ9BW
4UXqAaa6dQYAk18Lv7PEgX,10911205,Fall Out Boy,80,https://open.spotify.com/artist/4UXqAaa6dQYAk18Lv7PEgX
757aE44tKEUQEqRuT6GnEB,10910780,Roddy Ricch,77,https://open.spotify.com/artist/757aE44tKEUQEqRuT6GnEB
1bAftSH8umNcGZ0uyV7LMg,11326019,Duki,83,https://open.spotify.com/artist/1bAftSH8umNcGZ0uyV7LMg
0fA0VVWsXO9YnASrzqfmYu,7247403,Kid Cudi,80,https://open.spotify.com/artist/0fA0VVWsXO9YnASrzqfmYu
7jVv8c5Fj3E9VhNjxT4snq,12412482,Lil Nas X,76,https://open.spotify.com/artist/7jVv8c5Fj3E9VhNjxT4snq
2tIP7SsRs7vjIcLrU85W8J,5761195,The Kid LAROI,85,https://open.spotify.com/artist/2tIP7SsRs7vjIcLrU85W8J
1U1el3k54VvEUzo3ybLPlM,7979028,Kali Uchis,85,https://open.spotify.com/artist/1U1el3k54VvEUzo3ybLPlM
26dSoYclwsYLMAKD3tpOr4,15386697,Britney Spears,83,https://open.spotify.com/artist/26dSoYclwsYLMAKD3tpOr4
4xRYI6VqpkE3UwrDrAZL8L,6095927,Logic,75,https://open.spotify.com/artist/4xRYI6VqpkE3UwrDrAZL8L
0z4gvV4rjIZ9wHck67ucSV,5005668,Akon,84,https://open.spotify.com/artist/0z4gvV4rjIZ9wHck67ucSV
40ZNYROS4zLfyyBSs2PGe2,5326411,Zach Bryan,91,https://open.spotify.com/artist/40ZNYROS4zLfyyBSs2PGe2
60d24wfXkVzDSfLS6hyCjZ,15081426,Martin Garrix,77,https://open.spotify.com/artist/60d24wfXkVzDSfLS6hyCjZ
6fOMl44jA4Sp5b9PpYCkzz,10335314,NF,79,https://open.spotify.com/artist/6fOMl44jA4Sp5b9PpYCkzz
2jku7tDXc6XoB6MO2hFuqg,7089093,Tory Lanez,82,https://open.spotify.com/artist/2jku7tDXc6XoB6MO2hFuqg
4GNC7GD6oZMSxPGyXy4MNB,12890949,Lewis Capaldi,81,https://open.spotify.com/artist/4GNC7GD6oZMSxPGyXy4MNB
738wLrAtLtCtFOLvQBXOXp,6194944,Major Lazer,77,https://open.spotify.com/artist/738wLrAtLtCtFOLvQBXOXp
1g7maGuGMHVGlrfVI68pKh,42,Anitta,6,https://open.spotify.com/artist/1g7maGuGMHVGlrfVI68pKh
7oPftvlwr6VrsViSDV7fJY,15586017,Green Day,83,https://open.spotify.com/artist/7oPftvlwr6VrsViSDV7fJY
0ys2OFYzWYB5hRDLCsBqxt,11903675,Fuerza Regida,90,https://open.spotify.com/artist/0ys2OFYzWYB5hRDLCsBqxt
2RdwBSPQiwcmiDo9kixcl8,4844978,Pharrell Williams,81,https://open.spotify.com/artist/2RdwBSPQiwcmiDo9kixcl8
1pQWsZQehhS4wavwh7Fnxd,2992184,Lenny Tavárez,80,https://open.spotify.com/artist/1pQWsZQehhS4wavwh7Fnxd
0hEurMDQu99nJRq8pTxO14,6062452,John Mayer,79,https://open.spotify.com/artist/0hEurMDQu99nJRq8pTxO14
3MZsBdqDrRTJihTHQrO6Dq,9843932,Joji,80,https://open.spotify.com/artist/3MZsBdqDrRTJihTHQrO6Dq
0jnsk9HBra6NMjO2oANoPY,8673800,Flo Rida,81,https://open.spotify.com/artist/0jnsk9HBra6NMjO2oANoPY
08GQAI4eElDnROBrJRGE0X,12175813,Fleetwood Mac,83,https://open.spotify.com/artist/08GQAI4eElDnROBrJRGE0X
7ltDVBr6mKbRvohxheJ9h1,8358989,ROSALÍA,82,https://open.spotify.com/artist/7ltDVBr6mKbRvohxheJ9h1
2QsynagSdAqZj3U9HgDzjD,12741479,Bob Marley & The Wailers,82,https://open.spotify.com/artist/2QsynagSdAqZj3U9HgDzjD
1yxSLGMDHlW21z4YXirZDS,8473738,Black Eyed Peas,82,https://open.spotify.com/artist/1yxSLGMDHlW21z4YXirZDS
6TIYQ3jFPwQSRmorSezPxX,5390277,mgk,79,https://open.spotify.com/artist/6TIYQ3jFPwQSRmorSezPxX
4obzFoKoKRHIphyHzJ35G3,15172455,Becky G,79,https://open.spotify.com/artist/4obzFoKoKRHIphyHzJ35G3
28gNT5KBp7IjEOQoevXf9N,19337931,Camilo,81,https://open.spotify.com/artist/28gNT5KBp7IjEOQoevXf9N
2cFrymmkijnjDg9SS92EPM,4983992,blackbear,75,https://open.spotify.com/artist/2cFrymmkijnjDg9SS92EPM
1zNqDE7qDGCsyzJwohVaoX,12086650,Anne-Marie,79,https://open.spotify.com/artist/1zNqDE7qDGCsyzJwohVaoX
5Rl15oVamLq7FbSb0NNBNy,10059434,5 Seconds of Summer,77,https://open.spotify.com/artist/5Rl15oVamLq7FbSb0NNBNy
4Gso3d4CscCijv0lmajZWs,5118436,Don Toliver,87,https://open.spotify.com/artist/4Gso3d4CscCijv0lmajZWs
3JhNCzhSMTxs9WLGJJxWOY,2420111,Macklemore,78,https://open.spotify.com/artist/3JhNCzhSMTxs9WLGJJxWOY
5C4PDR4LnhZTbVnKWXuDKD,12105230,Morat,83,https://open.spotify.com/artist/5C4PDR4LnhZTbVnKWXuDKD
66ihevNkSYNzRAl44dx6jJ,13329420,Carin Leon,87,https://open.spotify.com/artist/66ihevNkSYNzRAl44dx6jJ
0XwVARXT135rw8lyw1EeWP,15128819,Christian Nodal,82,https://open.spotify.com/artist/0XwVARXT135rw8lyw1EeWP
74KM79TiuVKeVCqs8QtB0B,13899082,Sabrina Carpenter,95,https://open.spotify.com/artist/74KM79TiuVKeVCqs8QtB0B
2EMAnMvWE2eb56ToJVfCWs,9085681,Bryson Tiller,83,https://open.spotify.com/artist/2EMAnMvWE2eb56ToJVfCWs
1elUiq4X7pxej6FRlrEzjM,20375673,Jorge & Mateus,82,https://open.spotify.com/artist/1elUiq4X7pxej6FRlrEzjM
2LIk90788K0zvyj2JJVwkJ,3944969,Jack Harlow,80,https://open.spotify.com/artist/2LIk90788K0zvyj2JJVwkJ
21E3waRsmPlU7jZsS13rcj,9206552,Ne-Yo,83,https://open.spotify.com/artist/21E3waRsmPlU7jZsS13rcj
5ZsFI1h6hIdQRw2ti0hz81,23307909,ZAYN,78,https://open.spotify.com/artist/5ZsFI1h6hIdQRw2ti0hz81
73sIBHcqh3Z3NyqHKZ7FOL,13426454,Childish Gambino,81,https://open.spotify.com/artist/73sIBHcqh3Z3NyqHKZ7FOL
2qxJFvFYMEDqd7ui6kSAcq,5972612,Zedd,76,https://open.spotify.com/artist/2qxJFvFYMEDqd7ui6kSAcq
3t5xRXzsuZmMDkQzgOX35S,3121756,Robin Schulz,78,https://open.spotify.com/artist/3t5xRXzsuZmMDkQzgOX35S
1ZwdS5xdxEREPySFridCfh,19273984,2Pac,82,https://open.spotify.com/artist/1ZwdS5xdxEREPySFridCfh
5JZ7CnR6gTvEMKX4g70Amv,6341822,Lauv,77,https://open.spotify.com/artist/5JZ7CnR6gTvEMKX4g70Amv
6icQOAFXDZKsumw3YXyusw,10233940,Lil Yachty,81,https://open.spotify.com/artist/6icQOAFXDZKsumw3YXyusw
3qm84nBOXUEQ2vnTfUTTFC,32021246,Guns N' Roses,81,https://open.spotify.com/artist/3qm84nBOXUEQ2vnTfUTTFC
181bsRPaVXVlUKXrxwZfHK,9853229,Megan Thee Stallion,83,https://open.spotify.com/artist/181bsRPaVXVlUKXrxwZfHK
6DPYiyq5kWVQS4RGwxzPC7,12587446,Dr. Dre,82,https://open.spotify.com/artist/6DPYiyq5kWVQS4RGwxzPC7
0k17h0D3J5VfsdmQ1iZtE9,20995972,Pink Floyd,80,https://open.spotify.com/artist/0k17h0D3J5VfsdmQ1iZtE9
21451j1KhjAiaYKflxBjr1,7735666,Zion & Lennox,77,https://open.spotify.com/artist/21451j1KhjAiaYKflxBjr1
4npEfmQ6YuiwW1GpUmaq3F,7142569,Ava Max,81,https://open.spotify.com/artist/4npEfmQ6YuiwW1GpUmaq3F
22bE4uQ6baNwSHPVcDxLCe,14538307,The Rolling Stones,80,https://open.spotify.com/artist/22bE4uQ6baNwSHPVcDxLCe
1anyVhU62p31KFi8MEzkbf,6021159,Chance the Rapper,75,https://open.spotify.com/artist/1anyVhU62p31KFi8MEzkbf
2C6i0I5RiGzDKN9IAF8reh,17828568,Banda MS de Sergio Lizárraga,81,https://open.spotify.com/artist/2C6i0I5RiGzDKN9IAF8reh
6vXTefBL93Dj5IqAWq6OTv,5544032,French Montana,76,https://open.spotify.com/artist/6vXTefBL93Dj5IqAWq6OTv
5y2Xq6xcjJb2jVM54GHK3t,7111536,John Legend,77,https://open.spotify.com/artist/5y2Xq6xcjJb2jVM54GHK3t
4iHNK0tOyZPYnBU7nGAgpQ,10513273,Mariah Carey,80,https://open.spotify.com/artist/4iHNK0tOyZPYnBU7nGAgpQ
3e7awlrlDSwF3iM0WBjGMp,12048234,Little Mix,74,https://open.spotify.com/artist/3e7awlrlDSwF3iM0WBjGMp
1GxkXlMwML1oSg5eLPiAz3,6419337,Michael Bublé,76,https://open.spotify.com/artist/1GxkXlMwML1oSg5eLPiAz3
360IAlyVv4PCEVjgyMZrxK,5326568,Miguel,81,https://open.spotify.com/artist/360IAlyVv4PCEVjgyMZrxK
3AA28KZvwAUcZuOKwyblJQ,12255127,Gorillaz,81,https://open.spotify.com/artist/3AA28KZvwAUcZuOKwyblJQ
6JL8zeS1NmiOftqZTRgdTz,15411174,Meghan Trainor,80,https://open.spotify.com/artist/6JL8zeS1NmiOftqZTRgdTz
4Z8W4fKeB5YxbusRsdQVPb,10713985,Radiohead,84,https://open.spotify.com/artist/4Z8W4fKeB5YxbusRsdQVPb
6jGMq4yGs7aQzuGsMgVgZR,9066428,Lil Tjay,79,https://open.spotify.com/artist/6jGMq4yGs7aQzuGsMgVgZR
7qG3b048QCHVRO5Pv1T5lw,11163388,Enrique Iglesias,79,https://open.spotify.com/artist/7qG3b048QCHVRO5Pv1T5lw
0vR2qb8m9WHeZ5ByCbimq2,9061338,Reik,79,https://open.spotify.com/artist/0vR2qb8m9WHeZ5ByCbimq2
0QHgL1lAIqAw0HtD7YldmP,11704373,DJ Khaled,76,https://open.spotify.com/artist/0QHgL1lAIqAw0HtD7YldmP
5he5w2lnU9x7JFhnwcekXX,7634212,Skrillex,77,https://open.spotify.com/artist/5he5w2lnU9x7JFhnwcekXX
7MiDcPa6UiV3In7lIM71IN,21738950,Gusttavo Lima,82,https://open.spotify.com/artist/7MiDcPa6UiV3In7lIM71IN
63yrD80RY3RNEM2YDpUpO8,21420442,Melanie Martinez,80,https://open.spotify.com/artist/63yrD80RY3RNEM2YDpUpO8
1bfl0AU8SqmLkElptOprhC,6729913,Julión Álvarez y su Norteño Banda,84,https://open.spotify.com/artist/1bfl0AU8SqmLkElptOprhC
2IMZYfNi21MGqxopj9fWx8,8207464,Rels B,84,https://open.spotify.com/artist/2IMZYfNi21MGqxopj9fWx8
0eHQ9o50hj6ZDNBt6Ys1sD,8011801,Yandel,81,https://open.spotify.com/artist/0eHQ9o50hj6ZDNBt6Ys1sD
2feDdbD5araYcm6JhFHHw7,3344966,Labrinth,78,https://open.spotify.com/artist/2feDdbD5araYcm6JhFHHw7
5INjqkS1o8h1imAzPqGZBb,8234033,Tame Impala,81,https://open.spotify.com/artist/5INjqkS1o8h1imAzPqGZBb
3DiDSECUqqY1AuBP8qtaIa,12153691,Alicia Keys,81,https://open.spotify.com/artist/3DiDSECUqqY1AuBP8qtaIa
52iwsT98xCoGgiGntTiR7K,5203856,Quevedo,82,https://open.spotify.com/artist/52iwsT98xCoGgiGntTiR7K
0LcJLqbBmaGUft1e9Mm8HV,13027046,ABBA,82,https://open.spotify.com/artist/0LcJLqbBmaGUft1e9Mm8HV
7n2Ycct7Beij7Dj7meI4X0,20863986,TWICE,79,https://open.spotify.com/artist/7n2Ycct7Beij7Dj7meI4X0
45dkTj5sMRSjrmBSBeiHym,6073177,Tate McRae,85,https://open.spotify.com/artist/45dkTj5sMRSjrmBSBeiHym
5eAWCfyUhZtHHtBdNk56l1,11507657,System Of A Down,82,https://open.spotify.com/artist/5eAWCfyUhZtHHtBdNk56l1
1wZtkThiXbVNtj6hee6dz9,7796263,Wisin & Yandel,81,https://open.spotify.com/artist/1wZtkThiXbVNtj6hee6dz9
1sBkRIssrMs1AbVkOJbc7a,7375523,Rick Ross,77,https://open.spotify.com/artist/1sBkRIssrMs1AbVkOJbc7a
0Q8NcsJwoCbZOHHW63su5S,6144387,Mora,83,https://open.spotify.com/artist/0Q8NcsJwoCbZOHHW63su5S
20wkVLutqVOYrc0kxFs7rA,6931822,Daniel Caesar,84,https://open.spotify.com/artist/20wkVLutqVOYrc0kxFs7rA
20sxb77xiYeusSH8cVdatc,7978545,Meek Mill,75,https://open.spotify.com/artist/20sxb77xiYeusSH8cVdatc
6MDME20pz9RveH9rEXvrOM,5581772,Clean Bandit,77,https://open.spotify.com/artist/6MDME20pz9RveH9rEXvrOM
3tlXnStJ1fFhdScmQeLpuG,6599979,Brent Faiyaz,85,https://open.spotify.com/artist/3tlXnStJ1fFhdScmQeLpuG
4zCH9qm4R2DADamUHMCa6O,33286383,Anirudh Ravichander,86,https://open.spotify.com/artist/4zCH9qm4R2DADamUHMCa6O
3b8QkneNDz4JHKKKlLgYZg,5461764,Florida Georgia Line,74,https://open.spotify.com/artist/3b8QkneNDz4JHKKKlLgYZg
2wUjUUtkb5lvLKcGKsKqsR,11856846,Alessia Cara,74,https://open.spotify.com/artist/2wUjUUtkb5lvLKcGKsKqsR
5XJDexmWFLWOkjOEjOVX3e,7808199,Eladio Carrion,81,https://open.spotify.com/artist/5XJDexmWFLWOkjOEjOVX3e
2dIgFjalVxs4ThymZ67YCE,17106367,Stray Kids,85,https://open.spotify.com/artist/2dIgFjalVxs4ThymZ67YCE
43ZHCT0cAZBISjO8DG9PnE,9950988,Elvis Presley,80,https://open.spotify.com/artist/43ZHCT0cAZBISjO8DG9PnE
1z7b1Pr1rSlvWRzsW3HOrS,5244692,Russ,76,https://open.spotify.com/artist/1z7b1Pr1rSlvWRzsW3HOrS
6FBDaR13swtiWwGhX1WQsP,8562128,blink-182,80,https://open.spotify.com/artist/6FBDaR13swtiWwGhX1WQsP
6LqNN22kT3074XbTVUrhzX,8232651,Kesha,81,https://open.spotify.com/artist/6LqNN22kT3074XbTVUrhzX
7jy3rLJdDQY21OgRLCZ9sD,12083118,Foo Fighters,78,https://open.spotify.com/artist/7jy3rLJdDQY21OgRLCZ9sD
1l7ZsJRRS8wlW3WfJfPfNS,8532610,Christina Aguilera,79,https://open.spotify.com/artist/1l7ZsJRRS8wlW3WfJfPfNS
1TtXnWcUs0FCkaZDPGYHdf,4541295,Darell,78,https://open.spotify.com/artist/1TtXnWcUs0FCkaZDPGYHdf
3WGpXCj9YhhfX11TToZcXP,8459495,Troye Sivan,79,https://open.spotify.com/artist/3WGpXCj9YhhfX11TToZcXP
3IYUhFvPQItj6xySrBmZkd,7022415,Creedence Clearwater Revival,82,https://open.spotify.com/artist/3IYUhFvPQItj6xySrBmZkd
51Blml2LZPmy7TTiAg47vQ,12609671,U2,78,https://open.spotify.com/artist/51Blml2LZPmy7TTiAg47vQ
163tK9Wjr9P9DmM0AVK7lm,10067642,Lorde,78,https://open.spotify.com/artist/163tK9Wjr9P9DmM0AVK7lm
25uiPmTg16RbhZWAqwLBy5,4306588,Charli xcx,90,https://open.spotify.com/artist/25uiPmTg16RbhZWAqwLBy5
0oSGxfWSnnOXhD2fKuz2Gy,10817461,David Bowie,78,https://open.spotify.com/artist/0oSGxfWSnnOXhD2fKuz2Gy
6tbjWDEIzxoDsBA1FuhfPW,8140284,Madonna,81,https://open.spotify.com/artist/6tbjWDEIzxoDsBA1FuhfPW
2HPaUgqeutzr3jx5a9WyDV,7285059,PARTYNEXTDOOR,83,https://open.spotify.com/artist/2HPaUgqeutzr3jx5a9WyDV
1Mxqyy3pSjf8kZZL4QVxS0,7502291,Frank Sinatra,79,https://open.spotify.com/artist/1Mxqyy3pSjf8kZZL4QVxS0
5ZS223C6JyBfXasXxrRqOk,8384560,Jhené Aiko,79,https://open.spotify.com/artist/5ZS223C6JyBfXasXxrRqOk
1HBjj22wzbscIZ9sEb5dyf,3775001,Jonas Blue,74,https://open.spotify.com/artist/1HBjj22wzbscIZ9sEb5dyf
6wWVKhxIU2cEi0K81v7HvP,10404412,Rammstein,80,https://open.spotify.com/artist/6wWVKhxIU2cEi0K81v7HvP
0C0XlULifJtAgn6ZNCW2eu,7513502,The Killers,79,https://open.spotify.com/artist/0C0XlULifJtAgn6ZNCW2eu
12vb80Km0Ew53ABfJOepVz,6498645,Ñengo Flow,81,https://open.spotify.com/artist/12vb80Km0Ew53ABfJOepVz
4V8Sr092TqfHkfAA5fXXqG,10612632,Luis Fonsi,75,https://open.spotify.com/artist/4V8Sr092TqfHkfAA5fXXqG
5me0Irg2ANcsgc93uaYrpb,10878501,The Notorious B.I.G.,80,https://open.spotify.com/artist/5me0Irg2ANcsgc93uaYrpb
4Ga1P7PMIsmqEZqhYZQgDo,7942510,Lil Tecca,84,https://open.spotify.com/artist/4Ga1P7PMIsmqEZqhYZQgDo
7EQ0qTo7fWT7DPxmxtSYEc,5572242,Bastille,76,https://open.spotify.com/artist/7EQ0qTo7fWT7DPxmxtSYEc
3mIj9lX2MWuHmhNCA7LSCW,7419297,The 1975,78,https://open.spotify.com/artist/3mIj9lX2MWuHmhNCA7LSCW
05fG473iIaoy82BF1aGhL8,11972756,Slipknot,81,https://open.spotify.com/artist/05fG473iIaoy82BF1aGhL8
74XFHRwlV6OrjEM0A2NCMF,8843998,Paramore,80,https://open.spotify.com/artist/74XFHRwlV6OrjEM0A2NCMF
37230BxxYs9ksS7OkZw3IU,1215835,Chencho Corleone,80,https://open.spotify.com/artist/37230BxxYs9ksS7OkZw3IU
0GM7qgcRCORpGnfcN2tCiB,2394722,Tainy,79,https://open.spotify.com/artist/0GM7qgcRCORpGnfcN2tCiB
6Te49r3A6f5BiIgBRxH7FH,10379516,Ninho,79,https://open.spotify.com/artist/6Te49r3A6f5BiIgBRxH7FH
0ZED1XzwlLHW4ZaG4lOT6m,5078495,Julia Michaels,74,https://open.spotify.com/artist/0ZED1XzwlLHW4ZaG4lOT6m
3aQeKQSyrW4qWr35idm0cy,5058738,T-Pain,80,https://open.spotify.com/artist/3aQeKQSyrW4qWr35idm0cy
0NGAZxHanS9e0iNHpR8f2W,11278207,Alok,80,https://open.spotify.com/artist/0NGAZxHanS9e0iNHpR8f2W
1DxLCyH42yaHKGK3cl5bvG,7103515,Maria Becerra,82,https://open.spotify.com/artist/1DxLCyH42yaHKGK3cl5bvG
58lV9VcRSjABbAbfWS6skp,14013821,Bon Jovi,80,https://open.spotify.com/artist/58lV9VcRSjABbAbfWS6skp
0KPX4Ucy9dk82uj4GpKesn,4949656,Dalex,76,https://open.spotify.com/artist/0KPX4Ucy9dk82uj4GpKesn
487N2T9nIPEHrlTZLL3SQs,20285678,Zé Neto & Cristiano,80,https://open.spotify.com/artist/487N2T9nIPEHrlTZLL3SQs
3vQ0GE3mI0dAaxIMYe5g7z,24021890,Paulo Londra,79,https://open.spotify.com/artist/3vQ0GE3mI0dAaxIMYe5g7z
6XkjpgcEsYab502Vr1bBeW,5070569,Grupo Frontera,86,https://open.spotify.com/artist/6XkjpgcEsYab502Vr1bBeW
36QJpDe2go2KgaRleHCDTp,14751128,Led Zeppelin,77,https://open.spotify.com/artist/36QJpDe2go2KgaRleHCDTp
0A0FS04o6zMoto8OKPsDwY,3355446,YG,74,https://open.spotify.com/artist/0A0FS04o6zMoto8OKPsDwY
0cGUm45nv7Z6M6qdXYQGTX,7920177,Kehlani,77,https://open.spotify.com/artist/0cGUm45nv7Z6M6qdXYQGTX
6w9ToX5slZ4uIdmD17hJ3c,11650174,Bryant Myers,83,https://open.spotify.com/artist/6w9ToX5slZ4uIdmD17hJ3c
7rkW85dBwwrJtlHRDkJDAC,3496251,NAV,73,https://open.spotify.com/artist/7rkW85dBwwrJtlHRDkJDAC
16oZKvXb6WkQlVAjwo2Wbg,5515487,The Lumineers,80,https://open.spotify.com/artist/16oZKvXb6WkQlVAjwo2Wbg
1Ffb6ejR6Fe5IamqA5oRUF,5943353,Bring Me The Horizon,81,https://open.spotify.com/artist/1Ffb6ejR6Fe5IamqA5oRUF
4wLXwxDeWQ8mtUIRPxGiD6,10029430,Marc Anthony,77,https://open.spotify.com/artist/4wLXwxDeWQ8mtUIRPxGiD6
2DaxqgrOhkeH0fpeiQq2f4,10776732,Oasis,82,https://open.spotify.com/artist/2DaxqgrOhkeH0fpeiQq2f4
1dKdetem2xEmjgvyymzytS,13597013,Grupo Firme,81,https://open.spotify.com/artist/1dKdetem2xEmjgvyymzytS
0lAWpj5szCSwM4rUMHYmrr,9779829,Måneskin,81,https://open.spotify.com/artist/0lAWpj5szCSwM4rUMHYmrr
3KV3p5EY4AvKxOlhGHORLg,6720851,Jeremih,75,https://open.spotify.com/artist/3KV3p5EY4AvKxOlhGHORLg
3EiLUeyEcA6fbRPSHkG5kb,7360183,De La Ghetto,78,https://open.spotify.com/artist/3EiLUeyEcA6fbRPSHkG5kb
4NHQUGzhtTLFvgF5SZesLK,3628266,Tove Lo,75,https://open.spotify.com/artist/4NHQUGzhtTLFvgF5SZesLK
3jK9MiCrA42lLAdMGUZpwa,2587101,Anderson .Paak,79,https://open.spotify.com/artist/3jK9MiCrA42lLAdMGUZpwa
2uYWxilOVlUdk4oV9DvwqK,9124909,Mitski,84,https://open.spotify.com/artist/2uYWxilOVlUdk4oV9DvwqK
0pePYDrJGk8gqMRbXrLJC8,6502465,Luis R Conriquez,86,https://open.spotify.com/artist/0pePYDrJGk8gqMRbXrLJC8
6HaGTQPmzraVmaVxvz6EUc,16229636,Jung Kook,87,https://open.spotify.com/artist/6HaGTQPmzraVmaVxvz6EUc
4YLtscXsxbVgi031ovDDdh,7638650,Chris Stapleton,83,https://open.spotify.com/artist/4YLtscXsxbVgi031ovDDdh
57LYzLEk2LcFghVwuWbcuS,6916456,Summer Walker,81,https://open.spotify.com/artist/57LYzLEk2LcFghVwuWbcuS
0BvkDsjIUla7X0k6CSWh1I,8894616,Luke Bryan,78,https://open.spotify.com/artist/0BvkDsjIUla7X0k6CSWh1I
2Z0lRIqr997lIUiPtrpKCr,11346326,Matheus & Kauan,80,https://open.spotify.com/artist/2Z0lRIqr997lIUiPtrpKCr
0oOet2f43PA68X5RxKobEy,26645632,Shreya Ghoshal,84,https://open.spotify.com/artist/0oOet2f43PA68X5RxKobEy
1qto4hHid1P71emI6Fd8xi,8901925,Aventura,82,https://open.spotify.com/artist/1qto4hHid1P71emI6Fd8xi
57vWImR43h4CaDao012Ofp,5193858,Steve Lacy,83,https://open.spotify.com/artist/57vWImR43h4CaDao012Ofp
7FBcuc1gsnv6Y1nwFtNRCb,8986309,My Chemical Romance,80,https://open.spotify.com/artist/7FBcuc1gsnv6Y1nwFtNRCb
4Uc8Dsxct0oMqx0P6i60ea,10264736,Conan Gray,80,https://open.spotify.com/artist/4Uc8Dsxct0oMqx0P6i60ea
7gOdHgIoIKoe4i9Tta6qdD,7665423,Jonas Brothers,76,https://open.spotify.com/artist/7gOdHgIoIKoe4i9Tta6qdD
3ipn9JLAPI5GUEo4y4jcoi,3114898,Ludacris,79,https://open.spotify.com/artist/3ipn9JLAPI5GUEo4y4jcoi
2RQXRUsr4IW1f3mKyKsy4B,3480197,Noah Kahan,87,https://open.spotify.com/artist/2RQXRUsr4IW1f3mKyKsy4B
12Chz98pHFMPJEknJQMWvI,7981502,Muse,77,https://open.spotify.com/artist/12Chz98pHFMPJEknJQMWvI
5CCwRZC6euC8Odo6y9X8jr,8388064,Rita Ora,73,https://open.spotify.com/artist/5CCwRZC6euC8Odo6y9X8jr
7gZfnEnfiaHzxARJ2LeXrf,6860939,6ix9ine,73,https://open.spotify.com/artist/7gZfnEnfiaHzxARJ2LeXrf
1GDbiv3spRmZ1XdM1jQbT7,10338601,NATTI NATASHA,74,https://open.spotify.com/artist/1GDbiv3spRmZ1XdM1jQbT7
2DlGxzQSjYe5N6G9nkYghR,13284791,Jennifer Lopez,77,https://open.spotify.com/artist/2DlGxzQSjYe5N6G9nkYghR
3tVQdUvClmAT7URs9V3rsp,6185214,Wizkid,79,https://open.spotify.com/artist/3tVQdUvClmAT7URs9V3rsp
1Hsdzj7Dlq2I7tHP7501T4,9952375,Niall Horan,76,https://open.spotify.com/artist/1Hsdzj7Dlq2I7tHP7501T4
6deZN1bslXzeGvOLaLMOIF,7116317,Nickelback,80,https://open.spotify.com/artist/6deZN1bslXzeGvOLaLMOIF
3GBPw9NK25X1Wt2OUvOwY3,3894922,Jack Johnson,77,https://open.spotify.com/artist/3GBPw9NK25X1Wt2OUvOwY3
1aS5tqEs9ci5P9KD9tZWa6,2265703,Bonez MC,76,https://open.spotify.com/artist/1aS5tqEs9ci5P9KD9tZWa6
4IVAbR2w4JJNJDDRFP3E83,4753181,6LACK,74,https://open.spotify.com/artist/4IVAbR2w4JJNJDDRFP3E83
4bL2B6hmLlMWnUEZnorEtG,1286266,Felix Jaehn,75,https://open.spotify.com/artist/4bL2B6hmLlMWnUEZnorEtG
1moxjboGR7GNWYIMWsRjgG,6873028,Florence + The Machine,78,https://open.spotify.com/artist/1moxjboGR7GNWYIMWsRjgG
7iZtZyCzp3LItcw1wtPI3D,7497293,Rae Sremmurd,72,https://open.spotify.com/artist/7iZtZyCzp3LItcw1wtPI3D
4yvcSjfu4PC0CYQyLy4wSq,4310236,Glass Animals,78,https://open.spotify.com/artist/4yvcSjfu4PC0CYQyLy4wSq
23TFHmajVfBtlRx5MXqgoz,6580621,Sfera Ebbasta,79,https://open.spotify.com/artist/23TFHmajVfBtlRx5MXqgoz
4OBJLual30L7gRl5UkeRcT,4865142,T.I.,76,https://open.spotify.com/artist/4OBJLual30L7gRl5UkeRcT
7okwEbXzyT2VffBmyQBWLz,11771523,Maná,79,https://open.spotify.com/artist/7okwEbXzyT2VffBmyQBWLz
6U3ybJ9UHNKEdsH7ktGBZ7,1897090,JID,78,https://open.spotify.com/artist/6U3ybJ9UHNKEdsH7ktGBZ7
3eqjTLE0HfPfh78zjh6TqT,6590702,Bruce Springsteen,79,https://open.spotify.com/artist/3eqjTLE0HfPfh78zjh6TqT
6XpaIBNiVzIetEPCWDvAFP,10531722,Whitney Houston,78,https://open.spotify.com/artist/6XpaIBNiVzIetEPCWDvAFP
3qiHUAX7zY4Qnjx8TNUzVx,5403236,Yeat,84,https://open.spotify.com/artist/3qiHUAX7zY4Qnjx8TNUzVx
5gCRApTajqwbnHHPbr2Fpi,3220667,Juicy J,75,https://open.spotify.com/artist/5gCRApTajqwbnHHPbr2Fpi
7f5Zgnp2spUuuzKplmRkt7,2916595,Lost Frequencies,81,https://open.spotify.com/artist/7f5Zgnp2spUuuzKplmRkt7
47mIJdHORyRerp4os813jD,1907571,League of Legends,78,https://open.spotify.com/artist/47mIJdHORyRerp4os813jD
3wcj11K77LjEY1PkEazffa,10392634,Burna Boy,81,https://open.spotify.com/artist/3wcj11K77LjEY1PkEazffa
0p4nmQO2msCgU4IF37Wi3j,11328870,Avril Lavigne,78,https://open.spotify.com/artist/0p4nmQO2msCgU4IF37Wi3j
07PdYoE4jVRF6Ut40GgVSP,17247965,Cartel De Santa,78,https://open.spotify.com/artist/07PdYoE4jVRF6Ut40GgVSP
4bw2Am3p9ji3mYsXNXtQcd,9166911,Piso 21,76,https://open.spotify.com/artist/4bw2Am3p9ji3mYsXNXtQcd
2qk9voo8llSGYcZ6xrBzKx,5484695,Kings of Leon,77,https://open.spotify.com/artist/2qk9voo8llSGYcZ6xrBzKx
3Sz7ZnJQBIHsXLUSo0OQtM,6558985,Mac DeMarco,82,https://open.spotify.com/artist/3Sz7ZnJQBIHsXLUSo0OQtM
4ScCswdRlyA23odg9thgIO,3070873,Jess Glynne,74,https://open.spotify.com/artist/4ScCswdRlyA23odg9thgIO
4fxd5Ee7UefO4CUXgwJ7IP,4125906,Giveon,78,https://open.spotify.com/artist/4fxd5Ee7UefO4CUXgwJ7IP
7guDJrEfX3qb6FEbdPA5qi,6627948,Stevie Wonder,76,https://open.spotify.com/artist/7guDJrEfX3qb6FEbdPA5qi
3MHaV05u0io8fQbZ2XPtlC,8013341,Prince Royce,77,https://open.spotify.com/artist/3MHaV05u0io8fQbZ2XPtlC
6zFYqv1mOsgBRQbae3JJ9e,6348033,Billy Joel,79,https://open.spotify.com/artist/6zFYqv1mOsgBRQbae3JJ9e
0Dvx6p8JDyzeOPGmaCIH1L,1777772,RAF Camora,74,https://open.spotify.com/artist/0Dvx6p8JDyzeOPGmaCIH1L
0ErzCpIMyLcjPiwT4elrtZ,8721185,NLE Choppa,80,https://open.spotify.com/artist/0ErzCpIMyLcjPiwT4elrtZ
5Y5TRrQiqgUO4S36tzjIRZ,2984023,Timbaland,79,https://open.spotify.com/artist/5Y5TRrQiqgUO4S36tzjIRZ
6PXS4YHDkKvl1wkIl4V8DL,4721052,Fetty Wap,71,https://open.spotify.com/artist/6PXS4YHDkKvl1wkIl4V8DL
6sq1yF0OZEWA4xoXVKW1L9,7808623,Alejandro Fernández,77,https://open.spotify.com/artist/6sq1yF0OZEWA4xoXVKW1L9
4AVFqumd2ogHFlRbKIjp1t,3938769,Alesso,77,https://open.spotify.com/artist/4AVFqumd2ogHFlRbKIjp1t
7vXDAI8JwjW531ouMGbfcp,8419958,TINI,80,https://open.spotify.com/artist/7vXDAI8JwjW531ouMGbfcp
2oQX8QiMXOyuqbcZEFsZfm,3686799,El Alfa,79,https://open.spotify.com/artist/2oQX8QiMXOyuqbcZEFsZfm
10exVja0key0uqUkk6LJRT,3178913,Vance Joy,77,https://open.spotify.com/artist/10exVja0key0uqUkk6LJRT
5H1nN1SzW0qNeUEZvuXjAj,5607362,Danny Ocean,78,https://open.spotify.com/artist/5H1nN1SzW0qNeUEZvuXjAj
3BmGtnKgCSGYIUhmivXKWX,10604408,Kelly Clarkson,74,https://open.spotify.com/artist/3BmGtnKgCSGYIUhmivXKWX
5H4yInM5zmHqpKIoMNAx4r,6729078,Central Cee,83,https://open.spotify.com/artist/5H4yInM5zmHqpKIoMNAx4r
3AQRLZ9PuTAozP28Skbq8V,8230075,The Script,78,https://open.spotify.com/artist/3AQRLZ9PuTAozP28Skbq8V
5IcR3N7QB1j6KBL8eImZ8m,4800181,ScHoolboy Q,75,https://open.spotify.com/artist/5IcR3N7QB1j6KBL8eImZ8m
7Ey4PD4MYsKc5I2dolUwbH,14705334,Aerosmith,77,https://open.spotify.com/artist/7Ey4PD4MYsKc5I2dolUwbH
6nS5roXSAGhTGr34W6n7Et,2246933,Disclosure,77,https://open.spotify.com/artist/6nS5roXSAGhTGr34W6n7Et
0bdfiayQAKewqEvaU6rXCv,1457751,MØ,72,https://open.spotify.com/artist/0bdfiayQAKewqEvaU6rXCv
77AiFEVeAVj2ORpC85QVJs,3783368,Steve Aoki,73,https://open.spotify.com/artist/77AiFEVeAVj2ORpC85QVJs
3oSJ7TBVCWMDMiYjXNiCKE,5541040,Kane Brown,77,https://open.spotify.com/artist/3oSJ7TBVCWMDMiYjXNiCKE
0YC192cP3KPCRWx8zr8MfZ,4176405,Hans Zimmer,79,https://open.spotify.com/artist/0YC192cP3KPCRWx8zr8MfZ
59jlthNnbmim5l9tmNA7se,13811313,Maiara & Maraisa,78,https://open.spotify.com/artist/59jlthNnbmim5l9tmNA7se
3gd8FJtBJtkRxdfbTu19U2,6445972,Mumford & Sons,73,https://open.spotify.com/artist/3gd8FJtBJtkRxdfbTu19U2
1Oa0bMld0A3u5OTYfMzp5h,1745491,Nate Dogg,78,https://open.spotify.com/artist/1Oa0bMld0A3u5OTYfMzp5h
1gPhS1zisyXr5dHTYZyiMe,6260318,Kevin Gates,73,https://open.spotify.com/artist/1gPhS1zisyXr5dHTYZyiMe
4GvEc3ANtPPjt1ZJllr5Zl,5462441,Bazzi,71,https://open.spotify.com/artist/4GvEc3ANtPPjt1ZJllr5Zl
5LfGQac0EIXyAN8aUwmNAQ,5864849,The Offspring,79,https://open.spotify.com/artist/5LfGQac0EIXyAN8aUwmNAQ
5t28BP42x2axFnqOOMg3CM,6530051,Five Finger Death Punch,75,https://open.spotify.com/artist/5t28BP42x2axFnqOOMg3CM
4jogXSSvlyMkODGSZ2wc2P,11604460,Calibre 50,76,https://open.spotify.com/artist/4jogXSSvlyMkODGSZ2wc2P
7nqOGRxlXj7N2JYbgNEjYH,12310287,SEVENTEEN,82,https://open.spotify.com/artist/7nqOGRxlXj7N2JYbgNEjYH
1QAJqy2dA3ihHBFIHRphZj,13092254,Cigarettes After Sex,86,https://open.spotify.com/artist/1QAJqy2dA3ihHBFIHRphZj
7pbDxGE6nQSZVfiFdq9lOL,6224808,Rex Orange County,76,https://open.spotify.com/artist/7pbDxGE6nQSZVfiFdq9lOL
3Y7RZ31TRPVadSFVy1o8os,7912533,H.E.R.,77,https://open.spotify.com/artist/3Y7RZ31TRPVadSFVy1o8os
5rSXSAkZ67PYJSvpUpkOr7,5935327,Backstreet Boys,78,https://open.spotify.com/artist/5rSXSAkZ67PYJSvpUpkOr7
5p7f24Rk5HkUZsaS3BLG5F,8818304,Hailee Steinfeld,68,https://open.spotify.com/artist/5p7f24Rk5HkUZsaS3BLG5F
2jSGzJw0ebJLu7OLVSOcBP,5075875,Plan B,81,https://open.spotify.com/artist/2jSGzJw0ebJLu7OLVSOcBP
6Q192DXotxtaysaqNPy5yR,9165165,Amy Winehouse,80,https://open.spotify.com/artist/6Q192DXotxtaysaqNPy5yR
00XhexlJEXQstHimpZN910,6948008,Brytiago,76,https://open.spotify.com/artist/00XhexlJEXQstHimpZN910
6kACVPfCOnqzgfEF5ryl0x,6454649,Johnny Cash,76,https://open.spotify.com/artist/6kACVPfCOnqzgfEF5ryl0x
5BcAKTbp20cv7tC5VqPFoC,2582771,Macklemore & Ryan Lewis,74,https://open.spotify.com/artist/5BcAKTbp20cv7tC5VqPFoC
2cPqdH7XMvwaBJEVjheH8g,4390986,Jay Wheeler,80,https://open.spotify.com/artist/2cPqdH7XMvwaBJEVjheH8g
5KKpBU5eC2tJDzf0wmlRp2,1705780,RAYE,79,https://open.spotify.com/artist/5KKpBU5eC2tJDzf0wmlRp2
